Player,Team,Total Games Played,Signature Agents Ranked by Usage,Rounds Played,Rating,Average Combat Score,Kills:Death,"Kill, Assist, Survive, Trade Percent",Average Damage per Round,Kills Per Round,Assists Per Round,First Kills Per Round,First Deaths Per Round,Headshot Percent,Clutch Success Percent%,Clutches (won/played),Maximum Kills in a single map,Kills,Deaths,Assists,First Kills,First Deaths
332,Mir Gaming GC,47,"['killjoy', 'sova', 'fade', 'chamber', 'viper']",274,1.07,209.8,1.14,72%,139.8,0.72,0.30,0.08,0.08,27%,9%,,,197,173,81,22,22
69shinobu,4Fun,64,"['sage', 'reyna', 'clove', 'raze', 'killjoy']",234,0.79,160.0,0.64,66%,106.4,0.53,0.41,0.04,0.03,20%,10%,,,123,192,97,9,7
6sonya,Odd 1 OUT,260,"['sova', 'fade', 'breach', 'skye']",964,0.93,176.8,0.89,69%,121.0,0.62,0.28,0.08,0.07,26%,8%,,,596,670,270,76,67
abrux,Return of the Ashes,58,"['omen', 'brimstone', 'viper', 'astra']",226,0.83,176.1,0.80,64%,115.6,0.62,0.27,0.08,0.07,39%,18%,,,141,177,61,18,16
aco,ZETA DIVISION GC,73,"['skye', 'sova', 'kayo', 'fade', 'omen']",461,0.90,172.7,0.83,74%,111.4,0.59,0.48,0.08,0.13,18%,15%,,,270,325,220,35,58
addi,RIZON Sugar,82,"['sova', 'jett', 'raze', 'skye', 'neon']",279,1.02,229.4,1.03,67%,148.6,0.82,0.19,0.16,0.19,25%,14%,,,229,223,53,44,52
adenina,9z Team GC,131,"['kayo', 'astra', 'sova', 'fade', 'skye']",1050,0.87,155.0,0.82,70%,100.4,0.55,0.37,0.04,0.07,21%,17%,,,581,709,390,44,74
adora,HEROIC Valkyries,114,"['raze', 'jett', 'reyna']",996,0.96,212.0,0.97,65%,142.7,0.74,0.17,0.16,0.18,29%,9%,,,741,766,166,155,181
ahmei,LILITH,32,"['skye', 'killjoy', 'cypher', 'viper', 'clove']",292,0.88,202.7,0.83,70%,142.4,0.68,0.32,0.12,0.12,25%,20%,,,198,240,94,35,34
aisling,4Fun,159,"['astra', 'omen', 'brimstone', 'viper', 'sova']",282,0.91,175.4,0.88,72%,113.0,0.61,0.37,0.04,0.09,19%,24%,,,172,196,103,12,25
akita,Zerance Mint,49,"['jett', 'raze', 'reyna', 'phoenix']",418,1.14,267.9,1.17,71%,172.2,0.93,0.18,0.23,0.19,27%,27%,,,387,330,76,96,80
alannah,swaglord9000,91,"['sova', 'killjoy', 'omen', 'cypher', 'skye']",317,0.97,198.1,0.97,68%,129.4,0.70,0.27,0.09,0.09,29%,10%,,,223,229,86,27,28
alessia,MAD Lions KOI,107,"['killjoy', 'chamber', 'cypher', 'jett']",740,1.05,201.0,1.13,67%,133.5,0.75,0.14,0.11,0.13,36%,18%,,,555,492,105,78,93
alexaishot,KS Hunters,107,"['kayo', 'raze', 'gekko', 'jett', 'viper']",806,0.96,207.4,0.96,72%,132.0,0.71,0.31,0.10,0.11,21%,12%,,,572,594,247,80,89
alexis,Shopify Rebellion,487,"['skye', 'breach', 'kayo', 'sage']",1000,1.05,177.1,1.02,77%,111.9,0.63,0.51,0.06,0.06,30%,18%,,,631,616,510,56,55
alexy,Xipto Esports,196,"['jett', 'raze', 'skye', 'kayo', 'sova']",437,1.34,252.0,1.65,83%,163.6,0.92,0.29,0.14,0.11,24%,13%,,,401,243,125,63,50
alkyia,BBL Queens,157,"['jett', 'raze']",747,0.99,222.1,1.02,67%,149.4,0.76,0.23,0.16,0.15,29%,9%,,,570,559,173,119,109
allie,LEVIATÁN GC,63,"['omen', 'kayo', 'breach', 'viper', 'raze']",387,0.93,170.0,0.88,71%,109.3,0.59,0.42,0.07,0.09,26%,13%,,,228,259,163,27,34
alluka,BOBA,191,"['raze', 'kayo', 'breach', 'reyna', 'chamber']",693,1.00,180.9,0.94,74%,115.2,0.63,0.49,0.06,0.05,23%,10%,,,436,465,343,39,36
aluvily,Kinetic,167,"['killjoy', 'cypher', 'gekko', 'viper', 'skye']",327,1.02,216.2,1.04,70%,147.6,0.78,0.18,0.11,0.10,31%,11%,,,254,245,60,36,32
always,Tenax GC,167,"['omen', 'viper', 'brimstone', 'astra', 'breach']",304,0.79,145.8,0.68,61%,97.1,0.51,0.28,0.05,0.08,32%,11%,,,154,228,85,14,25
alyssa,K7 Esports,58,"['sova', 'gekko', 'skye', 'breach', 'raze']",286,0.74,152.5,0.65,61%,109.7,0.51,0.26,0.03,0.10,29%,17%,,,146,226,74,10,30
amxlist,Deagle Ravagers,92,"['breach', 'kayo', 'killjoy', 'omen']",443,1.12,197.3,1.04,76%,129.8,0.68,0.55,0.07,0.07,34%,12%,,,303,291,244,31,29
amy,G2 Gozen,238,"['killjoy', 'cypher', 'viper', 'brimstone', 'astra']",979,1.07,200.7,1.25,75%,135.9,0.75,0.23,0.08,0.06,33%,17%,,,737,590,222,76,60
andi,No Sweat Blossom,37,"['raze', 'jett', 'deadlock', 'clove', 'omen']",214,0.76,178.1,0.77,63%,126.4,0.63,0.13,0.10,0.14,31%,4%,,,134,174,28,21,30
andrea,New Combat Line GC,79,"['skye', 'breach', 'omen', 'fade', 'sova']",339,0.86,162.7,0.80,71%,107.0,0.57,0.41,0.03,0.06,25%,9%,,,193,241,140,11,20
andrehs,Akave Esports GC,172,"['sova', 'breach', 'skye', 'kayo', 'brimstone']",923,1.00,188.3,1.01,76%,121.9,0.66,0.42,0.07,0.07,31%,17%,,,610,606,388,68,64
anesilia,BLVKHVND,105,"['skye', 'breach', 'killjoy', 'kayo', 'fade']",470,1.12,196.9,1.10,79%,128.7,0.68,0.54,0.08,0.06,21%,26%,,,321,292,255,38,29
angela,invincible gc,113,"['raze', 'jett', 'kayo', 'chamber', 'breach']",324,0.99,234.6,1.04,68%,154.0,0.78,0.23,0.19,0.23,17%,32%,,,253,243,75,62,73
angelka,FOG Vortex,190,"['jett', 'omen', 'raze', 'brimstone', 'astra']",273,0.75,161.9,0.68,63%,107.6,0.56,0.29,0.06,0.10,18%,24%,,,152,222,79,17,26
angel,MYVRA,155,"['viper', 'skye', 'breach', 'kayo', 'sova']",724,0.92,152.6,0.82,73%,102.8,0.55,0.39,0.04,0.05,33%,10%,,,398,486,279,32,36
aniemal,mesos millionaires,407,"['killjoy', 'viper', 'cypher', 'sage', 'omen']",671,0.83,174.2,0.79,65%,118.1,0.60,0.19,0.08,0.09,23%,20%,,,402,510,130,53,62
annie,Odd 1 OUT,199,"['killjoy', 'chamber', 'cypher', 'jett', 'raze']",1026,1.01,224.1,1.06,68%,146.5,0.80,0.14,0.22,0.20,33%,17%,,,817,773,147,221,207
annja,Unknown,233,"['jett', 'sage', 'raze', 'kayo', 'omen']",516,1.20,258.3,1.23,70%,171.1,0.91,0.19,0.18,0.16,35%,17%,,,471,384,99,94,82
antg,LOUD GC,303,"['skye', 'kayo', 'raze', 'fade', 'omen']",410,1.18,218.4,1.19,76%,137.8,0.80,0.40,0.07,0.08,31%,9%,,,327,275,165,28,33
anva,BLVKHVND,182,"['sova', 'skye', 'raze', 'jett', 'killjoy']",612,1.10,237.3,1.19,73%,153.5,0.83,0.20,0.14,0.11,23%,18%,,,511,430,121,85,67
aria,Teddy Tactics,144,"['astra', 'breach', 'omen', 'kayo', 'viper']",232,0.73,161.0,0.63,64%,105.9,0.51,0.33,0.08,0.14,24%,N/A,,,119,190,76,19,33
arinji,LILITH,31,"['raze', 'reyna', 'omen']",292,0.92,208.8,0.89,69%,143.8,0.71,0.22,0.13,0.13,21%,24%,,,208,233,65,39,38
arki,Avernus Esports GC,43,"['breach', 'cypher', 'sova', 'omen', 'viper']",304,0.84,170.8,0.76,64%,114.3,0.60,0.34,0.05,0.10,19%,10%,,,182,239,103,16,30
array,Tenax GC,71,"['kayo', 'killjoy', 'skye', 'breach', 'neon']",304,0.91,208.7,0.88,63%,141.6,0.72,0.23,0.14,0.19,32%,6%,,,218,248,70,44,57
ary,Dasein Club,97,"['brimstone', 'astra', 'omen', 'kayo', 'viper']",204,1.06,236.3,1.07,69%,147.7,0.80,0.32,0.12,0.08,21%,14%,,,164,153,65,24,17
asia,University War GC,60,"['killjoy', 'cypher', 'omen', 'astra', 'viper']",696,0.87,171.4,0.86,66%,118.1,0.64,0.19,0.05,0.08,25%,9%,,,445,519,135,35,55
asomy,New Combat Line GC,77,"['omen', 'raze', 'viper', 'reyna', 'sova']",709,1.02,203.3,0.98,70%,131.8,0.71,0.34,0.08,0.10,25%,14%,,,504,514,239,58,68
ataraxia,LEVIATÁN GC,46,"['cypher', 'astra', 'raze', 'viper', 'omen']",571,0.90,178.5,0.85,65%,121.5,0.62,0.18,0.08,0.06,32%,11%,,,356,417,101,44,36
atisca,K7 Esports,56,"['jett', 'raze', 'neon']",543,0.96,208.3,0.99,66%,138.3,0.76,0.14,0.16,0.13,24%,8%,,,411,415,77,87,68
auri,Unknown,50,"['killjoy', 'cypher', 'sage', 'astra']",663,0.91,181.2,0.84,66%,128.2,0.64,0.21,0.10,0.09,26%,8%,,,422,500,141,64,57
australis,SaD Frost,292,"['kayo', 'skye', 'jett', 'fade', 'breach']",520,1.00,198.4,0.95,72%,136.2,0.70,0.35,0.09,0.11,23%,16%,,,365,386,183,46,59
avery,oomfies,290,"['sova', 'astra', 'omen', 'chamber', 'fade']",519,1.01,181.1,0.94,70%,122.6,0.64,0.35,0.05,0.06,26%,20%,,,334,354,181,26,30
awus,Dasein Club,87,"['omen', 'breach', 'viper', 'brimstone']",450,0.79,158.8,0.73,66%,108.1,0.55,0.37,0.07,0.12,19%,26%,,,248,342,167,31,52
ayumiii,BOBA,231,"['jett', 'chamber', 'raze', 'kayo', 'sova']",693,1.07,227.3,1.09,72%,148.9,0.77,0.26,0.15,0.15,22%,17%,,,531,486,183,107,107
azul,FiRePOWER,146,"['sova', 'skye', 'breach', 'fade', 'kayo']",711,0.80,171.2,0.78,65%,114.1,0.61,0.34,0.06,0.11,34%,12%,,,431,552,241,44,76
b1nby0,URACHACHA,57,"['omen', 'astra', 'brimstone']",201,0.73,164.6,0.71,64%,105.4,0.56,0.35,0.05,0.08,22%,N/A,,,113,159,70,11,17
babytz,BOBA,231,"['killjoy', 'cypher', 'chamber', 'sage', 'sova']",693,1.19,234.6,1.24,71%,159.4,0.83,0.28,0.13,0.12,22%,24%,,,577,465,194,89,86
babzzz,9z Team GC,140,"['killjoy', 'cypher', 'viper', 'breach', 'omen']",1050,0.90,194.2,0.95,65%,128.9,0.69,0.17,0.09,0.14,23%,10%,,,726,767,179,98,144
bae,University War GC,34,"['sova', 'jett', 'sage', 'fade', 'raze']",455,1.08,206.7,1.01,72%,142.0,0.72,0.26,0.08,0.09,28%,13%,,,326,323,119,36,38
battison,SaD Frost,103,"['gekko', 'raze', 'jett', 'cypher', 'killjoy']",210,1.00,212.1,0.97,65%,145.7,0.73,0.26,0.10,0.09,36%,18%,,,153,158,54,21,19
bells,RITUAL RËAL,97,"['sova', 'viper', 'kayo', 'fade']",222,0.75,171.9,0.63,55%,115.6,0.54,0.23,0.10,0.13,25%,6%,,,120,191,50,23,29
biazik,KRÜ BLAZE,290,"['sova', 'breach', 'jett', 'skye', 'fade']",622,1.08,195.7,1.09,78%,133.6,0.69,0.37,0.09,0.06,24%,15%,,,428,393,232,58,40
bibi,Mir Gaming GC,44,"['raze', 'jett', 'viper', 'kayo', 'sova']",274,0.98,195.2,0.98,74%,132.4,0.68,0.34,0.08,0.11,23%,24%,,,186,190,92,22,30
bizerra,Team Liquid Brazil,329,"['sova', 'killjoy', 'kayo', 'viper', 'fade']",652,1.17,221.6,1.19,74%,150.6,0.77,0.33,0.10,0.08,27%,17%,,,503,422,216,63,51
bless,RIMA GC,81,"['killjoy', 'cypher', 'sova', 'skye', 'chamber']",256,1.15,201.7,1.18,68%,133.5,0.75,0.17,0.09,0.05,37%,23%,,,192,163,43,22,13
blod,R8 Blue,88,"['kayo', 'skye', 'omen', 'breach', 'sage']",300,0.92,200.8,0.89,71%,127.8,0.70,0.29,0.09,0.11,32%,15%,,,210,235,87,27,33
blossi,ALTERNATE aTTaX Ruby,179,"['killjoy', 'omen', 'viper', 'breach']",700,0.86,163.3,0.80,67%,109.9,0.57,0.41,0.06,0.10,26%,8%,,,401,504,288,40,70
blue,Penguin Party,42,"['cypher', 'killjoy', 'omen', 'viper']",210,1.02,195.3,1.05,71%,135.1,0.70,0.24,0.07,0.13,33%,25%,,,147,140,51,14,27
blu,LOUD GC,337,"['killjoy', 'skye', 'cypher', 'sage', 'gekko']",549,0.81,146.5,0.76,67%,97.6,0.52,0.33,0.07,0.10,29%,18%,,,285,373,179,37,56
bobbiexo,TOG Kitsune,117,"['killjoy', 'cypher', 'sage', 'brimstone', 'chamber']",271,1.20,219.9,1.29,72%,147.0,0.81,0.16,0.05,0.08,25%,29%,,,220,171,44,14,21
bstrdd,Team Liquid Brazil,385,"['jett', 'raze', 'skye']",652,1.17,252.0,1.24,73%,163.2,0.88,0.19,0.20,0.15,28%,22%,,,574,463,121,130,98
buffala,Bon Bon Bum,66,"['chamber', 'fade', 'killjoy', 'sova', 'breach']",311,1.09,230.6,1.08,67%,153.5,0.80,0.26,0.17,0.14,27%,20%,,,250,232,81,53,44
bugsy,RIMA GC,59,"['breach', 'viper', 'omen', 'brimstone', 'kayo']",256,0.99,203.8,0.98,70%,128.5,0.75,0.36,0.08,0.09,31%,5%,,,191,195,91,20,24
bunnybee,floppers,400,"['raze', 'jett', 'kayo', 'chamber', 'yoru']",245,0.88,204.1,0.89,65%,134.1,0.69,0.25,0.16,0.16,30%,12%,,,170,191,61,39,38
bysmall,Ketçaplı Ruffles,72,"['sova', 'sage', 'fade', 'viper', 'gekko']",272,0.99,191.6,0.92,71%,129.0,0.67,0.25,0.03,0.04,32%,12%,,,183,198,68,7,12
cait,Cafe Coke,158,"['sova', 'viper', 'breach', 'gekko', 'fade']",266,0.82,158.4,0.70,73%,105.7,0.53,0.37,0.07,0.04,18%,5%,,,140,199,98,18,11
calsushi,Teddy Tactics,154,"['sova', 'skye', 'fade', 'gekko', 'omen']",232,0.92,189.3,0.83,63%,129.0,0.66,0.21,0.04,0.03,34%,16%,,,152,184,48,10,8
calvrix,Cafe Coke,115,"['killjoy', 'cypher', 'viper', 'skye', 'chamber']",266,0.85,179.6,0.85,64%,122.2,0.64,0.16,0.08,0.12,23%,10%,,,171,202,43,20,33
cami,MYVRA,127,"['omen', 'astra', 'killjoy', 'viper', 'sage']",899,1.03,194.6,0.97,74%,128.5,0.71,0.37,0.09,0.07,32%,15%,,,638,659,335,77,66
carmeng7,NTH,45,"['killjoy', 'cypher', 'sova', 'chamber']",338,0.91,168.6,0.87,66%,113.4,0.59,0.21,0.08,0.09,27%,4%,,,198,227,70,28,31
casper,Purr-fectionists,208,"['astra', 'omen', 'killjoy', 'brimstone', 'chamber']",441,0.93,170.2,0.87,72%,112.4,0.61,0.39,0.05,0.10,28%,2%,,,269,308,174,24,43
catalina,Unknown,117,"['omen', 'breach', 'viper', 'sova', 'kayo']",247,0.84,158.1,0.77,71%,99.8,0.54,0.44,0.06,0.11,33%,14%,,,134,175,108,16,28
caucasus,Unknown,27,"['omen', 'brimstone', 'sova']",277,0.90,167.6,0.85,73%,109.5,0.58,0.37,0.06,0.06,24%,6%,,,162,191,103,18,16
cbui,Unknown,281,"['omen', 'astra', 'kayo', 'viper', 'brimstone']",828,0.98,182.9,0.97,73%,120.0,0.64,0.41,0.07,0.06,22%,15%,,,532,548,340,56,50
cendary,LILAX,108,"['astra', 'viper', 'clove', 'brimstone', 'sova']",201,1.14,288.1,1.10,77%,190.7,0.99,0.37,0.14,0.12,24%,10%,,,198,180,75,29,25
chloe,MYVRA,94,"['killjoy', 'raze', 'sova', 'breach', 'neon']",852,0.99,193.1,0.96,72%,127.0,0.71,0.33,0.10,0.09,25%,15%,,,604,628,283,82,78
churra,Deagle Ravagers,107,"['omen', 'kayo', 'breach', 'viper', 'killjoy']",215,0.85,158.5,0.74,71%,106.7,0.53,0.42,0.01,0.11,25%,10%,,,113,152,90,3,23
cille,HEROIC Valkyries,209,"['kayo', 'omen', 'astra', 'fade', 'sova']",944,0.78,161.7,0.73,63%,109.1,0.57,0.32,0.05,0.09,30%,12%,,,541,746,301,51,85
citrus,Unknown,40,"['sova', 'cypher', 'brimstone', 'skye', 'fade']",295,0.99,196.3,0.99,69%,128.7,0.68,0.30,0.05,0.08,21%,16%,,,202,205,89,16,25
conir,KRÜ BLAZE,157,"['omen', 'chamber', 'reyna', 'viper', 'brimstone']",694,1.32,228.6,1.54,83%,148.3,0.86,0.41,0.08,0.05,28%,28%,,,594,386,286,55,37
crona,Unknown,96,"['killjoy', 'viper', 'cypher', 'breach', 'sova']",407,1.03,204.2,1.00,67%,133.1,0.73,0.28,0.08,0.06,29%,12%,,,298,297,115,31,26
curumi,FENNEL GC,99,"['breach', 'viper', 'fade', 'kayo', 'omen']",686,0.87,180.4,0.82,70%,114.8,0.61,0.46,0.08,0.09,19%,14%,,,416,507,314,53,59
dae,Dasein Club,78,"['sova', 'fade', 'kayo', 'skye']",286,0.91,175.8,0.88,68%,117.7,0.61,0.25,0.04,0.05,30%,22%,,,174,198,72,12,13
daiki,Team Liquid Brazil,421,"['sova', 'skye', 'fade', 'sage', 'breach']",652,0.99,185.7,0.99,73%,120.2,0.66,0.42,0.06,0.11,28%,17%,,,433,436,276,40,72
dannn,URACHACHA,34,"['killjoy', 'viper', 'sova', 'raze', 'cypher']",201,0.88,171.8,0.83,68%,117.3,0.61,0.19,0.09,0.09,19%,11%,,,122,147,38,18,19
dano,FUSION X,116,"['skye', 'gekko', 'breach', 'kayo', 'sova']",1135,1.05,190.0,1.01,73%,129.1,0.68,0.43,0.05,0.06,26%,13%,,,774,763,485,57,66
dati,Last Second,242,"['breach', 'sova', 'kayo', 'sage']",224,0.75,151.2,0.69,65%,107.1,0.50,0.27,0.07,0.07,32%,13%,,,112,162,61,16,15
delbisky,BOBA,127,"['jett', 'raze', 'omen', 'chamber', 'neon']",521,0.97,206.1,0.96,71%,133.7,0.71,0.28,0.12,0.10,26%,12%,,,370,385,148,64,50
desi,Unknown,153,"['breach', 'sova', 'skye', 'phoenix', 'sage']",494,0.96,202.7,0.92,72%,130.5,0.71,0.37,0.09,0.09,28%,23%,,,350,379,181,44,44
devilasxa,Odd 1 OUT,174,"['skye', 'kayo', 'breach', 'gekko', 'cypher']",831,1.03,200.0,0.98,72%,132.1,0.69,0.37,0.08,0.08,34%,15%,,,576,590,308,69,63
didii,MAD Lions KOI,118,"['killjoy', 'breach', 'chamber', 'astra', 'sova']",462,0.99,190.9,0.95,73%,127.7,0.66,0.45,0.09,0.07,23%,17%,,,306,321,208,42,32
dodonut,FlyQuest RED,393,"['raze', 'jett', 'sova']",1567,1.25,265.9,1.35,77%,171.3,0.93,0.23,0.21,0.15,23%,17%,,,1455,1080,364,328,234
dods,KRÜ BLAZE,115,"['jett', 'raze', 'neon', 'skye']",694,1.29,273.0,1.46,77%,177.3,1.00,0.21,0.23,0.14,32%,28%,,,697,477,146,159,100
dorothy,Mir Gaming GC,29,"['jett', 'raze', 'neon']",274,1.41,296.2,1.56,78%,191.2,1.06,0.17,0.24,0.10,25%,20%,,,290,186,46,67,28
dream,VALIANT GC,64,"['killjoy', 'omen', 'viper', 'astra', 'cypher']",640,1.09,203.2,1.15,73%,134.4,0.72,0.21,0.07,0.06,23%,20%,,,463,401,134,45,36
drea,Infinity X,84,"['raze', 'jett', 'sova', 'killjoy', 'skye']",282,0.83,191.4,0.84,66%,123.2,0.68,0.19,0.12,0.17,21%,20%,,,191,228,53,33,47
drn,revoada,353,"['omen', 'astra', 'sage', 'brimstone', 'viper']",449,0.83,156.3,0.72,66%,109.3,0.53,0.35,0.05,0.10,20%,21%,,,237,331,156,24,43
e11ie,Unknown,87,"['raze', 'gekko', 'jett', 'omen', 'sova']",354,0.84,189.1,0.82,65%,126.8,0.66,0.19,0.15,0.18,24%,20%,,,232,282,69,54,64
edith,mesos millionaires,209,"['raze', 'jett', 'chamber']",264,1.07,228.7,1.14,64%,149.5,0.81,0.14,0.16,0.20,27%,15%,,,214,188,38,41,53
elab0rate,YFP X,155,"['raze', 'cypher', 'killjoy', 'jett']",821,0.95,198.5,0.95,67%,131.6,0.70,0.18,0.10,0.09,21%,15%,,,571,601,150,79,75
elfie,Cardboard Dinosaur,53,"['reyna', 'jett', 'raze', 'omen', 'fade']",447,1.23,249.7,1.18,73%,165.2,0.88,0.26,0.12,0.12,28%,20%,,,395,336,115,52,54
ellie,ALTERNATE aTTaX Ruby,80,"['raze', 'jett', 'viper']",647,1.01,212.3,1.05,67%,140.7,0.77,0.14,0.15,0.19,31%,15%,,,500,476,93,98,122
ellie,Unknown,68,"['omen', 'viper', 'brimstone']",526,1.03,205.6,1.02,71%,132.1,0.72,0.30,0.08,0.07,28%,16%,,,377,368,159,44,39
elysian,FOKUS Sakura,84,"['sova', 'skye', 'breach', 'reyna', 'killjoy']",910,0.97,183.8,0.91,71%,123.2,0.65,0.31,0.04,0.05,29%,13%,,,593,649,278,35,45
elys,Unknown,147,"['jett', 'raze']",631,0.90,203.4,0.92,66%,135.6,0.72,0.13,0.15,0.17,27%,15%,,,456,493,84,92,110
emi,swaglord9000,102,"['kayo', 'jett', 'phoenix', 'breach', 'yoru']",256,1.19,230.3,1.16,73%,152.4,0.80,0.30,0.14,0.09,22%,27%,,,205,176,77,37,22
emluo,Unknown,300,"['killjoy', 'chamber', 'viper', 'omen', 'cypher']",654,0.97,195.3,0.96,70%,128.1,0.69,0.30,0.09,0.09,39%,17%,,,452,470,193,56,59
enerii,Xipto Esports,218,"['raze', 'jett', 'reyna', 'neon']",437,1.32,275.2,1.54,81%,174.4,0.96,0.27,0.22,0.12,25%,5%,,,421,274,117,97,54
envious,Cardboard Dinosaur,196,"['jett', 'omen', 'neon']",447,0.90,204.2,0.85,66%,134.8,0.68,0.30,0.11,0.17,25%,16%,,,305,357,136,47,74
erin,Deagle Ravagers,128,"['jett', 'sova', 'raze', 'neon', 'viper']",418,0.85,194.6,0.79,65%,129.8,0.63,0.28,0.12,0.15,25%,5%,,,265,335,118,51,64
eva,Team Falcons Vega,232,"['sova', 'skye', 'sage', 'gekko']",1407,1.17,209.1,1.27,76%,136.8,0.78,0.25,0.05,0.05,30%,14%,,,1091,856,346,72,67
evv,floppers,240,"['skye', 'kayo', 'sova', 'omen', 'jett']",561,1.04,216.4,1.02,75%,142.0,0.75,0.35,0.07,0.07,35%,11%,,,422,415,195,40,39
f1yk,Mir Gaming GC,37,"['viper', 'killjoy', 'skye', 'cypher', 'breach']",200,0.96,169.9,0.99,73%,118.5,0.63,0.21,0.05,0.04,35%,17%,,,125,126,41,10,7
felce,invincible gc,129,"['sova', 'fade', 'chamber', 'gekko', 'viper']",493,0.97,201.6,1.01,75%,132.8,0.75,0.26,0.06,0.04,33%,20%,,,368,365,129,30,21
felipa,BBL Queens,219,"['breach', 'raze', 'sova', 'kayo', 'sage']",705,0.96,183.5,0.91,71%,122.5,0.63,0.37,0.06,0.07,33%,13%,,,443,486,260,44,46
ferret,swaglord9000,70,"['viper', 'fade', 'omen', 'astra', 'gekko']",317,1.05,217.7,1.03,74%,136.3,0.75,0.38,0.11,0.10,29%,6%,,,238,230,121,36,31
fire,KS Hunters,113,"['killjoy', 'chamber', 'jett', 'cypher', 'omen']",521,0.85,154.3,0.81,64%,99.6,0.55,0.21,0.05,0.06,23%,8%,,,284,349,111,26,32
florescent,Shopify Rebellion,458,"['jett', 'raze', 'neon', 'reyna']",900,1.47,310.4,1.68,77%,197.7,1.10,0.20,0.19,0.11,25%,16%,,,991,590,178,173,103
flossie,FiRePOWER,162,"['killjoy', 'cypher', 'chamber', 'viper']",711,1.02,212.3,1.01,66%,143.7,0.74,0.20,0.07,0.06,21%,16%,,,527,520,142,49,43
fluxxy,HEROIC Valkyries,117,"['omen', 'cypher', 'viper', 'killjoy', 'astra']",1086,1.13,214.2,1.16,76%,143.6,0.77,0.24,0.08,0.07,30%,17%,,,840,725,266,91,73
frantastic,FiRePOWER,170,"['viper', 'omen', 'killjoy', 'sova', 'sage']",711,0.80,160.5,0.72,65%,108.9,0.54,0.36,0.08,0.08,20%,14%,,,386,534,257,55,56
gabit,Team Leveling,197,"['omen', 'viper', 'brimstone', 'astra', 'killjoy']",277,0.86,162.7,0.83,67%,112.0,0.58,0.19,0.07,0.08,24%,20%,,,162,195,54,20,23
gelatycat,Zen eSports GC,46,"['omen', 'sova', 'fade', 'breach', 'brimstone']",460,0.86,161.1,0.78,68%,109.6,0.57,0.27,0.07,0.06,37%,4%,,,263,337,122,31,28
ggonyak,Cyber Geek,21,"['jett', 'raze', 'sage', 'killjoy', 'cypher']",211,0.92,197.8,0.92,66%,131.4,0.70,0.21,0.13,0.15,30%,22%,,,148,161,44,28,31
gianta,Ketçaplı Ruffles,62,"['omen', 'sova', 'breach', 'fade', 'viper']",240,0.90,162.3,0.80,71%,111.0,0.58,0.40,0.08,0.05,31%,19%,,,139,174,96,18,12
gia,Everyone Really Misses,93,"['breach', 'skye', 'sova', 'chamber', 'kayo']",264,0.60,131.0,0.51,61%,90.7,0.43,0.31,0.03,0.09,24%,4%,,,113,222,81,8,24
ginger,ALTERNATE aTTaX Ruby,178,"['cypher', 'killjoy', 'omen', 'jett', 'raze']",700,0.92,192.0,0.96,65%,126.5,0.70,0.20,0.07,0.12,22%,19%,,,489,507,139,47,83
glance,Karmine Corp GC,307,"['sova', 'omen', 'astra', 'breach', 'sage']",1103,1.08,200.9,1.07,74%,134.7,0.71,0.33,0.06,0.05,27%,19%,,,782,729,368,68,51
golden,The Ultimates Odyssey,149,"['killjoy', 'viper', 'cypher']",471,0.95,195.4,0.96,68%,134.8,0.70,0.20,0.09,0.10,22%,18%,,,328,340,95,44,49
grahams,sisu,39,"['raze', 'reyna', 'harbor', 'skye', 'kayo']",642,1.16,233.9,1.18,75%,151.4,0.81,0.28,0.12,0.12,35%,16%,,,521,441,181,76,75
guterwoman,K7 Esports,80,"['killjoy', 'cypher', 'chamber', 'brimstone', 'viper']",409,1.05,220.9,1.07,67%,148.9,0.80,0.14,0.09,0.10,33%,11%,,,327,307,59,38,40
h4ste,Mir Gaming GC,49,"['omen', 'astra', 'brimstone', 'gekko']",274,1.02,200.3,1.03,74%,128.0,0.71,0.37,0.12,0.10,29%,38%,,,194,189,102,33,27
h6tedthemost,Unknown,235,"['sova', 'kayo', 'skye', 'omen', 'viper']",221,1.08,211.7,1.11,76%,130.3,0.76,0.41,0.08,0.09,28%,14%,,,168,152,91,17,20
habibti,mesos millionaires,281,"['sova', 'skye', 'chamber', 'raze', 'kayo']",590,0.93,208.1,0.93,63%,138.6,0.74,0.19,0.10,0.13,31%,10%,,,434,468,113,58,77
hakuna,REIGNITE Lily,41,"['killjoy', 'cypher', 'viper', 'chamber']",359,1.04,192.6,1.00,67%,130.7,0.67,0.18,0.06,0.06,25%,21%,,,241,240,65,21,22
hane,REIGNITE Lily,42,"['omen', 'kayo', 'viper', 'astra', 'brimstone']",276,0.88,185.3,0.83,72%,123.0,0.65,0.40,0.09,0.09,32%,12%,,,179,216,111,26,26
harmonee,ALTERNATE aTTaX Ruby,111,"['sova', 'fade', 'skye', 'breach']",700,0.94,184.6,0.88,67%,125.9,0.63,0.25,0.07,0.09,26%,23%,,,441,499,172,52,66
home,XSOUL GC,111,"['chamber', 'breach', 'sage', 'killjoy', 'reyna']",243,0.87,184.6,0.82,67%,118.9,0.62,0.37,0.07,0.11,27%,11%,,,150,184,90,18,26
hotaru,Unknown,53,"['breach', 'kayo', 'omen', 'killjoy', 'harbor']",233,0.77,167.1,0.72,62%,107.7,0.59,0.29,0.08,0.10,24%,18%,,,137,191,67,19,23
huga,Tenax GC,126,"['skye', 'jett', 'viper', 'sova', 'fade']",233,0.75,166.5,0.65,58%,114.9,0.55,0.30,0.04,0.11,22%,12%,,,129,198,70,10,26
iczy,Last Second,90,"['omen', 'brimstone', 'sage', 'harbor']",260,0.84,162.1,0.75,62%,106.5,0.57,0.31,0.03,0.07,27%,10%,,,148,198,80,7,18
ikyoo,AEX-1 Nova,139,"['jett', 'raze', 'chamber', 'reyna', 'yoru']",964,0.96,205.7,0.97,68%,135.7,0.73,0.22,0.15,0.15,26%,10%,,,703,723,208,146,142
inari,Last9,87,"['breach', 'omen', 'skye', 'viper', 'sova']",237,0.83,161.6,0.72,69%,111.8,0.54,0.45,0.05,0.08,27%,10%,,,129,178,106,12,20
ira,minions united,57,"['breach', 'kayo', 'gekko', 'viper']",237,0.79,178.5,0.71,59%,115.1,0.60,0.23,0.11,0.14,25%,5%,,,143,201,54,25,33
isa1,Team Leveling,294,"['jett', 'raze', 'chamber', 'gekko', 'skye']",382,1.02,199.7,1.04,73%,133.2,0.71,0.27,0.11,0.12,22%,16%,,,273,262,102,43,45
isaa,Team Liquid Brazil,400,"['jett', 'viper', 'killjoy', 'sova', 'skye']",652,0.93,179.5,0.91,71%,120.1,0.63,0.30,0.07,0.08,29%,16%,,,411,452,194,48,51
ivory,4Fun,163,"['killjoy', 'omen', 'viper', 'kayo', 'astra']",446,0.84,197.4,0.86,70%,129.3,0.68,0.22,0.18,0.20,22%,16%,,,303,351,97,80,87
ivy,Akave Esports GC,147,"['raze', 'skye', 'kayo', 'jett', 'gekko']",880,1.14,215.0,1.19,76%,144.5,0.77,0.35,0.10,0.10,32%,21%,,,681,572,305,91,90
ixela,Ketçaplı Ruffles,99,"['omen', 'breach', 'viper', 'skye', 'kayo']",394,0.77,160.7,0.71,67%,105.1,0.54,0.36,0.08,0.10,28%,10%,,,212,298,140,32,40
izze,invincible gc,156,"['killjoy', 'sova', 'skye', 'cypher']",324,0.99,198.2,1.00,70%,135.7,0.67,0.22,0.09,0.05,20%,22%,,,218,219,70,29,16
ja2,charbon,42,"['raze', 'jett', 'neon', 'iso']",319,1.07,226.4,1.11,68%,144.5,0.81,0.24,0.17,0.18,23%,20%,,,259,234,77,55,56
jademwah,Odd 1 OUT,250,"['sova', 'jett', 'skye', 'breach', 'viper']",1113,1.00,213.7,1.00,69%,137.5,0.74,0.33,0.12,0.14,21%,18%,,,819,818,365,139,154
jade,ALTERNATE aTTaX Ruby,83,"['breach', 'kayo', 'jett', 'raze', 'omen']",700,1.23,233.5,1.18,77%,149.6,0.82,0.50,0.09,0.04,33%,17%,,,575,489,350,62,28
jas,Neons Quartz,93,"['killjoy', 'chamber', 'fade', 'cypher']",202,0.79,162.9,0.70,60%,113.0,0.56,0.17,0.06,0.12,30%,8%,,,114,164,34,13,24
jazzyk1ns,Unknown,463,"['jett', 'raze', 'sage']",828,1.06,217.2,1.10,71%,147.2,0.74,0.23,0.13,0.13,21%,22%,,,612,556,190,111,107
jazzy,Return of the Ashes,42,"['omen', 'sova', 'harbor', 'brimstone', 'killjoy']",212,0.66,124.0,0.60,54%,86.7,0.45,0.17,0.01,0.08,35%,13%,,,95,158,35,3,18
jcey,Psycho Cats,39,"['omen', 'raze', 'viper', 'jett', 'sage']",223,0.86,186.2,0.82,63%,123.7,0.65,0.30,0.11,0.12,25%,18%,,,146,178,67,25,26
jduh,BBL Queens,254,"['astra', 'omen', 'sova', 'viper', 'brimstone']",913,1.12,204.8,1.13,73%,131.8,0.74,0.34,0.06,0.08,36%,22%,,,676,597,312,51,72
jelerak,LILAX,34,"['kayo', 'jett', 'sage', 'deadlock', 'fade']",230,0.87,175.7,0.81,70%,108.2,0.59,0.38,0.10,0.13,17%,20%,,,136,168,87,24,29
jelly,MIBR GC,276,"['kayo', 'raze', 'skye', 'breach', 'jett']",728,1.25,242.9,1.32,78%,153.8,0.88,0.38,0.11,0.06,38%,15%,,,641,485,278,78,42
jenniffer,revoada,103,"['jett', 'raze', 'chamber']",589,0.82,181.0,0.79,64%,125.0,0.63,0.19,0.14,0.16,26%,4%,,,373,472,110,83,95
jen,Unknown,225,"['skye', 'sova', 'killjoy', 'kayo', 'fade']",207,0.92,186.3,0.90,71%,125.1,0.66,0.22,0.09,0.07,27%,18%,,,137,153,46,19,15
jia,Unknown,105,"['jett', 'skye', 'sova', 'raze', 'gekko']",455,0.89,192.1,0.88,68%,127.2,0.69,0.29,0.10,0.12,27%,13%,,,313,354,131,47,54
jid,RITUAL RËAL,54,"['omen', 'gekko', 'kayo', 'deadlock', 'viper']",306,0.79,163.1,0.71,63%,113.2,0.57,0.28,0.05,0.09,25%,15%,,,174,245,86,14,29
jiex,VALIANT GC,181,"['breach', 'skye', 'kayo', 'sage', 'jett']",815,1.03,203.1,1.00,73%,134.6,0.72,0.37,0.10,0.09,34%,9%,,,586,587,304,78,74
joliinaa,GIANTX GC,172,"['omen', 'viper', 'jett', 'raze', 'brimstone']",1288,1.15,223.9,1.19,76%,141.5,0.79,0.44,0.09,0.06,27%,20%,,,1013,852,562,111,71
joojina,Team Liquid Brazil,319,"['omen', 'astra', 'brimstone', 'jett', 'sage']",652,1.08,202.5,1.04,77%,132.3,0.70,0.44,0.08,0.07,24%,14%,,,457,441,290,54,45
jubs,MIBR GC,116,"['killjoy', 'viper', 'cypher', 'chamber', 'sage']",728,0.91,167.9,0.95,70%,115.2,0.60,0.20,0.06,0.06,22%,14%,,,434,459,143,47,44
julia,minions united,61,"['sova', 'skye', 'gekko', 'fade']",240,0.78,163.4,0.65,63%,113.2,0.56,0.30,0.08,0.13,37%,13%,,,134,205,72,19,30
julie,TOG Kitsune,143,"['sova', 'skye', 'kayo', 'fade', 'viper']",304,0.76,153.9,0.64,64%,107.0,0.51,0.36,0.02,0.10,25%,11%,,,154,240,108,6,29
junki,Bon Bon Bum,56,"['omen', 'viper', 'sova', 'astra']",310,0.80,150.6,0.76,70%,98.2,0.57,0.35,0.03,0.04,27%,10%,,,176,233,109,9,12
juw,Akave Esports GC,136,"['raze', 'jett', 'sage', 'chamber', 'fade']",923,1.13,242.9,1.23,76%,153.6,0.85,0.22,0.20,0.16,25%,26%,,,785,639,202,185,148
kaah,Team Leveling,81,"['omen', 'killjoy', 'cypher', 'brimstone', 'viper']",343,1.04,201.6,1.00,73%,130.4,0.72,0.29,0.07,0.10,30%,27%,,,248,247,98,24,35
kachow,Watermelon,146,"['breach', 'jett', 'killjoy', 'kayo', 'sage']",218,0.84,180.1,0.80,61%,126.0,0.62,0.24,0.08,0.15,23%,9%,,,135,169,53,18,33
kaha,Incognito GC,131,"['sova', 'viper', 'skye', 'astra', 'kayo']",222,0.94,173.5,0.79,71%,118.6,0.59,0.37,0.09,0.09,24%,12%,,,131,166,83,19,20
kalita,revoada,184,"['sova', 'skye', 'viper', 'astra', 'breach']",449,0.88,173.3,0.79,69%,118.1,0.59,0.30,0.08,0.09,23%,9%,,,265,336,136,37,39
kamiyu,Xipto Esports,168,"['jett', 'skye', 'breach', 'sova', 'kayo']",437,1.32,237.7,1.55,84%,155.6,0.87,0.46,0.07,0.05,34%,34%,,,382,246,200,29,20
karie,oomfies,229,"['killjoy', 'cypher', 'chamber', 'viper', 'gekko']",879,1.03,207.1,1.04,70%,139.7,0.75,0.20,0.08,0.06,28%,9%,,,660,633,179,68,56
karina,FOKUS Sakura,200,"['killjoy', 'cypher', 'sova', 'sage', 'viper']",982,1.02,206.0,1.04,68%,138.4,0.75,0.16,0.09,0.06,35%,10%,,,739,710,158,93,61
kari,Deagle Ravagers,46,"['sova', 'fade', 'gekko']",295,1.04,179.1,1.03,72%,120.0,0.66,0.26,0.06,0.06,29%,5%,,,195,190,78,18,19
karra,Unknown,344,"['skye', 'astra', 'breach', 'sage', 'omen']",510,1.03,191.3,1.00,74%,127.9,0.67,0.36,0.08,0.07,34%,18%,,,341,342,184,41,38
kathrina,Avernus Esports GC,27,"['skye', 'sova', 'gekko', 'killjoy']",304,0.84,178.7,0.75,67%,114.1,0.59,0.33,0.04,0.11,15%,15%,,,180,239,99,11,33
kazler,Refrag,256,"['skye', 'sova', 'chamber', 'raze', 'gekko']",715,1.13,219.6,1.11,75%,141.6,0.77,0.39,0.10,0.08,31%,41%,,,552,499,280,69,60
kaz,New Combat Line GC,44,"['sova', 'gekko', 'cypher', 'omen', 'kayo']",204,0.86,164.3,0.79,68%,107.9,0.56,0.28,0.04,0.09,21%,5%,,,115,145,57,8,18
ketarys,SaD Frost,181,"['omen', 'viper', 'brimstone', 'astra', 'killjoy']",313,0.87,164.4,0.79,66%,115.5,0.59,0.31,0.04,0.07,32%,10%,,,186,234,97,12,22
kikowo,Cardboard Dinosaur,38,"['jett', 'breach', 'raze', 'gekko', 'kayo']",361,0.82,178.1,0.78,63%,121.1,0.61,0.32,0.08,0.14,23%,10%,,,220,282,114,28,49
kitkatwc,invincible gc,135,"['killjoy', 'skye', 'kayo', 'breach', 'cypher']",493,1.03,214.5,1.05,73%,137.2,0.73,0.35,0.10,0.07,24%,12%,,,362,345,172,48,35
klaudia,Unknown,273,"['breach', 'sova', 'kayo', 'reyna', 'skye']",691,1.08,200.3,1.05,78%,132.6,0.70,0.55,0.06,0.05,27%,18%,,,481,460,382,39,37
kohaibi,BOBA,209,"['raze', 'killjoy', 'reyna', 'chamber', 'skye']",693,1.15,224.6,1.17,77%,147.4,0.78,0.29,0.10,0.06,25%,9%,,,538,460,203,71,42
koneko,Jokers Slay,154,"['skye', 'raze', 'breach', 'jett', 'kayo']",295,0.93,215.1,0.97,68%,140.5,0.75,0.24,0.18,0.22,22%,11%,,,220,227,70,54,64
kon,sisu,112,"['sova', 'skye', 'fade', 'breach', 'jett']",471,1.14,227.4,1.15,73%,156.8,0.79,0.30,0.12,0.08,34%,7%,,,373,323,139,56,39
korosu,Unknown,235,"['jett', 'neon', 'killjoy', 'chamber', 'raze']",215,0.95,201.6,0.97,68%,140.7,0.73,0.14,0.11,0.13,33%,31%,,,156,161,31,23,27
kray,friends,107,"['omen', 'viper', 'brimstone', 'astra', 'kayo']",301,0.92,196.0,0.90,72%,126.8,0.67,0.33,0.07,0.07,25%,15%,,,203,225,100,22,20
kreya,AEX-1 Nova,112,"['omen', 'fade', 'yoru', 'killjoy', 'harbor']",295,1.01,181.1,0.96,73%,114.3,0.65,0.38,0.07,0.04,22%,11%,,,191,199,113,21,11
krysme,revoada,299,"['killjoy', 'chamber', 'jett', 'cypher', 'viper']",587,0.97,195.1,0.97,64%,134.8,0.72,0.12,0.08,0.08,30%,9%,,,420,432,73,48,45
kuripuuya,Karmine Corp GC,231,"['viper', 'astra', 'omen', 'jett', 'brimstone']",1103,0.95,180.7,0.88,71%,117.9,0.61,0.35,0.09,0.08,27%,18%,,,672,760,390,94,86
kv7m,Unknown,76,"['omen', 'killjoy', 'brimstone', 'viper', 'chamber']",284,1.07,189.7,1.07,75%,125.6,0.67,0.50,0.04,0.06,28%,20%,,,191,179,143,11,17
kxoma,FOKUS Sakura,100,"['breach', 'skye', 'astra', 'viper', 'fade']",443,0.92,159.8,0.78,73%,111.8,0.55,0.47,0.06,0.06,28%,9%,,,245,314,208,26,26
kyracujoh,Zerance Mint,54,"['jett', 'raze']",247,1.00,230.5,1.02,73%,149.1,0.79,0.15,0.17,0.11,23%,5%,,,195,192,36,43,26
kyujinn,Bon Bon Bum,57,"['killjoy', 'cypher', 'gekko', 'jett', 'raze']",339,0.94,173.3,0.93,68%,122.9,0.66,0.21,0.06,0.09,31%,23%,,,223,239,72,20,30
l4ce,Unknown,404,"['sova', 'skye', 'omen', 'fade', 'chamber']",1335,1.14,215.1,1.20,78%,139.9,0.76,0.34,0.08,0.05,32%,13%,,,1009,841,457,101,66
lapapaluna,K7 Esports,40,"['sova', 'killjoy', 'sage', 'viper']",301,0.67,147.9,0.60,64%,96.3,0.48,0.22,0.04,0.07,20%,3%,,,143,238,66,13,22
lateu,BLVKHVND,238,"['omen', 'viper', 'killjoy', 'cypher', 'chamber']",612,1.05,188.5,1.05,77%,122.8,0.68,0.37,0.07,0.06,27%,17%,,,419,399,225,41,35
lauguz,MYVRA,44,"['raze', 'jett']",519,1.10,234.0,1.14,72%,156.5,0.84,0.15,0.16,0.13,31%,13%,,,438,385,80,85,69
lazylion,Unknown,350,"['sova', 'killjoy', 'cypher', 'chamber', 'jett']",828,1.05,211.3,1.11,73%,140.5,0.74,0.26,0.09,0.09,26%,15%,,,616,556,219,76,74
lechugafresh,Stay K'O,80,"['cypher', 'killjoy', 'gekko', 'breach', 'kayo']",273,0.68,144.5,0.64,60%,98.9,0.49,0.21,0.07,0.09,21%,17%,,,134,210,58,19,25
leeni,FOKUS Sakura,96,"['raze', 'jett']",570,0.91,211.3,0.88,66%,139.3,0.71,0.19,0.21,0.21,20%,14%,,,403,457,106,118,119
leen,Twisted Minds Orchid,136,"['jett', 'raze', 'neon', 'skye', 'reyna']",431,1.16,263.3,1.25,71%,170.0,0.92,0.19,0.20,0.15,31%,21%,,,398,318,80,87,63
lendary,FiRePOWER,45,"['omen', 'neon', 'sova', 'viper', 'jett']",364,0.76,165.4,0.75,64%,111.3,0.60,0.21,0.11,0.13,35%,9%,,,217,289,76,39,48
lenka,Zerance Mint,63,"['killjoy', 'cypher', 'brimstone']",595,0.96,190.7,0.97,69%,130.5,0.69,0.18,0.10,0.07,31%,14%,,,408,422,107,58,39
len,Cyber Geek,77,"['viper', 'omen', 'astra', 'brimstone', 'skye']",211,0.93,179.2,0.85,60%,120.6,0.61,0.36,0.10,0.09,22%,13%,,,128,150,76,21,18
lexa,Twisted Minds Orchid,158,"['cypher', 'killjoy', 'jett', 'omen', 'chamber']",317,1.21,235.8,1.33,74%,161.5,0.84,0.20,0.09,0.07,30%,11%,,,266,200,64,30,21
leyre,The Ultimates Odyssey,106,"['omen', 'brimstone', 'astra', 'harbor', 'gekko']",914,1.06,209.7,1.07,73%,138.6,0.75,0.37,0.09,0.08,37%,16%,,,690,647,337,80,72
lied,FUSION X,124,"['raze', 'fade', 'sova', 'skye', 'iso']",1055,1.22,268.3,1.28,73%,175.7,0.94,0.23,0.21,0.14,25%,19%,,,993,774,246,221,151
lil-bob,MAD Lions KOI,166,"['omen', 'viper', 'sova', 'astra', 'fade']",678,1.13,216.6,1.14,72%,145.7,0.77,0.35,0.08,0.06,28%,20%,,,522,459,234,53,44
linlin,Akave Esports GC,163,"['viper', 'omen', 'astra', 'skye', 'brimstone']",923,1.12,204.7,1.17,80%,139.2,0.76,0.39,0.07,0.06,35%,19%,,,702,599,364,66,54
lirilia,charbon,274,"['astra', 'omen', 'sova', 'sage', 'breach']",360,0.90,174.1,0.83,72%,120.4,0.58,0.43,0.06,0.09,29%,6%,,,209,251,154,23,32
lissa,TBS GC,346,"['viper', 'killjoy', 'omen', 'chamber', 'cypher']",581,0.97,205.1,0.99,66%,139.9,0.74,0.22,0.08,0.13,37%,13%,,,431,436,127,47,74
liza,VALIANT GC,176,"['killjoy', 'jett', 'cypher', 'chamber', 'neon']",1227,1.10,232.3,1.16,69%,151.7,0.84,0.14,0.16,0.14,36%,17%,,,1029,887,177,193,166
liz,New Combat Line GC,48,"['sova', 'jett', 'skye', 'chamber', 'cypher']",363,1.20,246.6,1.22,71%,168.6,0.85,0.24,0.14,0.09,35%,10%,,,307,251,87,52,34
logic,Kinetic,160,"['killjoy', 'omen', 'sova', 'chamber', 'raze']",256,0.85,186.0,0.84,66%,123.2,0.68,0.21,0.13,0.12,25%,17%,,,173,207,54,34,31
looxie,NASR Ignite,163,"['killjoy', 'cypher', 'sova', 'deadlock', 'chamber']",1030,0.90,181.4,0.86,69%,119.8,0.64,0.28,0.09,0.10,37%,19%,,,659,766,290,90,100
loupiote,Zerance Mint,106,"['sova', 'killjoy', 'skye', 'astra']",595,0.88,166.0,0.84,73%,110.1,0.57,0.31,0.06,0.07,23%,19%,,,341,408,185,36,40
lover,minions united,66,"['raze', 'jett', 'killjoy']",275,0.89,192.5,0.79,61%,132.1,0.65,0.18,0.08,0.14,22%,18%,,,180,228,50,21,39
luiza,Team Leveling,246,"['killjoy', 'cypher', 'viper', 'skye', 'kayo']",382,0.94,194.0,0.90,69%,129.5,0.66,0.24,0.09,0.10,30%,8%,,,254,281,92,35,39
luj,Team Falcons Vega,183,"['viper', 'omen', 'brimstone', 'cypher', 'astra']",714,0.94,186.6,0.96,71%,125.0,0.66,0.28,0.07,0.08,35%,10%,,,474,493,202,50,56
lunafox,KS Hunters,334,"['sova', 'skye', 'astra', 'breach', 'viper']",644,1.16,231.0,1.11,71%,156.7,0.80,0.36,0.11,0.11,34%,13%,,,514,464,233,74,71
luwucia,New Combat Line GC,47,"['viper', 'jett', 'cypher', 'omen', 'killjoy']",442,0.84,171.5,0.80,65%,115.3,0.61,0.24,0.06,0.10,34%,8%,,,270,337,105,27,46
luzia,BLAZE,100,"['kayo', 'killjoy', 'breach', 'fade', 'jett']",304,0.87,175.5,0.77,62%,115.3,0.62,0.37,0.07,0.11,31%,24%,,,189,244,111,22,32
lyda,HEROIC Valkyries,279,"['jett', 'skye', 'viper', 'fade', 'raze']",716,0.98,205.5,0.96,69%,137.1,0.73,0.24,0.12,0.12,29%,14%,,,520,539,174,83,86
lynn,Deagle Ravagers,120,"['jett', 'raze', 'neon', 'sage']",662,0.94,219.6,0.97,65%,149.3,0.76,0.19,0.19,0.17,23%,16%,,,501,514,124,124,111
lynxz,Stay K'O,49,"['raze', 'yoru', 'jett']",201,0.85,194.5,0.83,66%,120.7,0.67,0.23,0.08,0.13,20%,20%,,,135,162,46,16,26
m4ndzin,LOUD GC,235,"['omen', 'kayo', 'breach', 'sage', 'brimstone']",410,1.04,200.3,0.99,73%,132.2,0.68,0.46,0.08,0.05,21%,16%,,,278,280,187,34,20
mads,Unknown,95,"['raze', 'skye', 'jett', 'sova']",556,1.16,242.1,1.22,74%,158.4,0.86,0.19,0.15,0.13,21%,17%,,,477,392,106,85,74
madv,Team Falcons Vega,206,"['breach', 'kayo', 'omen', 'harbor', 'gekko']",1407,1.08,204.5,1.08,75%,132.5,0.72,0.39,0.08,0.07,37%,18%,,,1018,945,555,110,98
mais,Permitta Unicorns GC,31,"['sova', 'fade', 'killjoy', 'deadlock', 'cypher']",209,0.89,170.1,0.83,69%,113.7,0.60,0.19,0.05,0.07,29%,14%,,,126,152,39,10,14
majusia,SK Nebula,128,"['jett', 'raze', 'yoru', 'chamber']",412,0.92,202.2,0.90,61%,138.6,0.72,0.16,0.18,0.22,25%,19%,,,295,328,67,76,90
makchin,Avernus Esports GC,50,"['raze', 'jett', 'reyna', 'astra']",339,0.97,232.6,0.95,65%,148.5,0.77,0.17,0.17,0.21,23%,23%,,,261,276,59,57,70
mal,Unknown,29,"['killjoy', 'viper', 'sova']",213,1.00,192.6,0.98,69%,128.3,0.69,0.21,0.04,0.06,22%,13%,,,148,151,44,9,13
mandy,TBS GC,141,"['jett', 'kayo', 'breach', 'sova', 'raze']",743,1.05,228.2,1.04,68%,150.8,0.81,0.31,0.14,0.14,35%,18%,,,605,579,231,101,103
marceline,YFP X,310,"['raze', 'jett', 'reyna', 'yoru', 'neon']",631,0.87,209.4,0.89,66%,138.7,0.72,0.16,0.15,0.19,28%,14%,,,453,507,100,97,117
maripo,REIGNITE Lily,55,"['sova', 'fade', 'skye']",359,1.01,190.2,0.96,70%,130.0,0.68,0.32,0.06,0.09,19%,25%,,,244,254,114,21,33
marpandyz,LILAX,45,"['sova', 'killjoy', 'chamber', 'sage', 'fade']",230,0.84,171.8,0.83,65%,110.3,0.60,0.27,0.08,0.07,17%,10%,,,139,168,62,19,17
marti,NASR Ignite,149,"['jett', 'skye', 'phoenix', 'raze', 'neon']",1030,0.98,217.6,0.97,68%,143.6,0.74,0.23,0.15,0.18,26%,10%,,,765,787,235,154,181
maryna,Refrag,381,"['omen', 'astra', 'viper', 'killjoy', 'brimstone']",295,1.03,199.1,1.01,75%,130.3,0.73,0.34,0.06,0.07,31%,16%,,,214,211,99,17,22
mary,Team Falcons Vega,139,"['raze', 'jett', 'sova', 'chamber', 'kayo']",693,1.06,243.5,1.12,67%,159.1,0.86,0.17,0.21,0.19,33%,15%,,,595,529,115,143,130
matrix,Karmine Corp GC,142,"['jett', 'raze', 'neon']",1103,0.91,215.6,0.95,68%,142.0,0.75,0.15,0.18,0.19,35%,18%,,,828,876,161,198,208
mayzin,K7 Esports,71,"['raze', 'omen', 'viper', 'sage', 'jett']",439,0.98,200.9,0.91,74%,135.9,0.69,0.37,0.08,0.09,22%,12%,,,303,333,164,35,41
may,New Combat Line GC,73,"['killjoy', 'viper', 'cypher', 'reyna', 'sova']",681,0.89,178.6,0.86,67%,122.3,0.62,0.21,0.06,0.10,24%,18%,,,419,488,143,42,68
may,ForsaKen,57,"['cypher', 'reyna', 'raze', 'killjoy', 'sova']",280,1.11,236.1,1.17,75%,149.5,0.84,0.16,0.15,0.10,20%,6%,,,236,202,46,43,29
mcfly,Zen eSports GC,80,"['sova', 'fade', 'omen', 'killjoy', 'viper']",414,0.75,151.8,0.70,63%,107.4,0.53,0.28,0.04,0.10,27%,13%,,,221,317,116,16,43
meleliita,LEVIATÁN GC,58,"['jett', 'killjoy', 'raze', 'yoru', 'breach']",571,0.83,194.2,0.84,67%,128.0,0.66,0.23,0.15,0.18,30%,8%,,,379,453,129,88,105
melsm,FUSION X,62,"['breach', 'skye', 'sova', 'kayo']",491,0.89,176.6,0.84,70%,114.7,0.63,0.31,0.06,0.11,21%,12%,,,308,366,154,30,55
melya,Elation Esports,219,"['omen', 'viper', 'raze', 'killjoy', 'kayo']",535,1.04,219.0,1.00,72%,146.5,0.75,0.36,0.07,0.08,26%,14%,,,400,402,191,37,44
mel,MIBR GC,281,"['sova', 'sage', 'fade', 'viper', 'skye']",728,0.99,177.5,1.04,73%,118.1,0.64,0.30,0.06,0.08,27%,13%,,,465,447,219,45,61
mel,VALIANT GC,164,"['omen', 'killjoy', 'viper', 'brimstone', 'cypher']",1227,0.88,171.0,0.83,71%,110.3,0.60,0.40,0.06,0.10,30%,11%,,,739,887,494,73,118
mel,Shopify Rebellion,565,"['omen', 'viper', 'chamber', 'killjoy', 'cypher']",1000,1.07,206.4,1.05,78%,131.3,0.70,0.47,0.11,0.09,27%,18%,,,697,666,467,107,92
memi,KS Hunters,25,"['omen', 'viper', 'killjoy', 'brimstone']",274,0.74,144.2,0.72,66%,97.0,0.53,0.31,0.04,0.07,28%,8%,,,145,201,86,12,19
micaela,KRÜ BLAZE,133,"['raze', 'jett', 'chamber', 'fade', 'kayo']",694,1.11,194.9,1.20,78%,130.1,0.71,0.37,0.10,0.10,33%,20%,,,492,410,256,66,69
micro,LILITH,39,"['jett', 'reyna', 'omen', 'brimstone', 'gekko']",292,1.13,245.7,1.13,76%,165.0,0.87,0.20,0.14,0.13,36%,10%,,,253,223,57,41,39
miku,New Combat Line GC,177,"['jett', 'raze', 'neon', 'kayo', 'yoru']",607,1.34,306.6,1.41,75%,188.4,1.04,0.25,0.30,0.18,20%,16%,,,633,449,152,181,111
mili,Refrag,278,"['raze', 'jett', 'astra', 'omen', 'neon']",593,1.05,233.2,1.10,75%,152.5,0.81,0.19,0.17,0.12,27%,16%,,,483,441,111,98,69
mimi,G2 Gozen,263,"['cypher', 'killjoy', 'breach', 'kayo', 'chamber']",979,1.14,192.3,1.25,78%,126.4,0.70,0.36,0.07,0.05,30%,13%,,,683,548,357,67,51
mimi,SK Nebula,102,"['omen', 'brimstone', 'viper', 'astra', 'skye']",229,0.79,161.6,0.77,61%,107.3,0.60,0.22,0.06,0.13,32%,18%,,,137,177,51,13,29
mimo,LILAX,25,"['killjoy', 'cypher']",230,0.86,170.1,0.83,66%,117.7,0.59,0.14,0.04,0.05,22%,9%,,,136,164,33,9,12
mindle,Team Leveling,301,"['raze', 'sova', 'skye', 'jett', 'kayo']",382,0.93,181.8,0.89,72%,119.3,0.66,0.34,0.08,0.07,29%,12%,,,252,284,128,30,28
mint,FENNEL GC,82,"['raze', 'jett', 'killjoy']",686,1.18,266.2,1.28,71%,169.4,0.95,0.15,0.24,0.17,33%,20%,,,653,512,106,162,119
misty,PS5PATAS,153,"['kayo', 'breach', 'jett', 'skye', 'viper']",200,0.68,161.5,0.59,56%,103.5,0.53,0.28,0.06,0.11,27%,4%,,,106,180,55,11,22
misu,Unknown,177,"['sova', 'viper', 'omen', 'harbor', 'fade']",1167,1.09,206.4,1.07,74%,136.5,0.72,0.35,0.06,0.07,25%,18%,,,842,788,410,72,79
miwa,Zen eSports GC,75,"['killjoy', 'kayo', 'breach', 'viper', 'gekko']",375,0.75,161.3,0.67,65%,111.8,0.54,0.37,0.04,0.11,26%,10%,,,201,299,137,15,43
miyara,SaD Frost,259,"['sova', 'skye', 'viper', 'sage', 'breach']",477,0.93,173.5,0.84,73%,121.3,0.60,0.36,0.04,0.06,23%,14%,,,285,341,174,17,28
miyori,GIANTX GC,197,"['jett', 'raze', 'killjoy', 'chamber', 'viper']",1288,1.06,213.0,1.13,71%,140.9,0.75,0.19,0.12,0.11,27%,27%,,,971,861,248,155,147
miyu,Unknown,66,"['omen', 'viper', 'chamber', 'astra']",294,0.61,130.5,0.54,62%,87.7,0.43,0.32,0.02,0.07,24%,14%,,,126,235,95,6,21
mmonch,Akave Esports GC,145,"['cypher', 'viper', 'sova', 'killjoy', 'chamber']",923,1.28,230.0,1.45,79%,149.9,0.85,0.27,0.10,0.04,32%,23%,,,780,538,245,88,40
moco,ZETA DIVISION GC,75,"['omen', 'viper', 'astra', 'killjoy']",461,1.18,209.5,1.25,78%,135.0,0.77,0.39,0.06,0.07,25%,14%,,,353,282,181,26,32
moni,Everyone Really Misses,61,"['cypher', 'omen', 'killjoy', 'viper', 'brimstone']",204,0.82,159.6,0.76,62%,102.9,0.57,0.21,0.06,0.10,37%,10%,,,116,153,43,13,20
morgan,Bon Bon Bum,74,"['sova', 'gekko', 'skye', 'breach', 'killjoy']",629,0.95,192.5,0.93,69%,128.2,0.69,0.34,0.07,0.10,24%,16%,,,433,467,212,41,66
morita,raised,106,"['jett', 'raze', 'reyna', 'phoenix', 'sova']",386,0.91,209.9,0.97,67%,133.9,0.73,0.17,0.18,0.20,31%,31%,,,282,290,64,69,79
moshieroo,Twisted Minds Orchid,136,"['breach', 'kayo', 'omen', 'sova', 'skye']",232,1.06,206.5,0.97,78%,133.9,0.72,0.44,0.06,0.06,31%,12%,,,166,172,102,13,15
myoh4nn,URACHACHA,57,"['jett', 'raze', 'killjoy']",201,1.00,226.7,1.01,68%,147.6,0.79,0.18,0.11,0.17,28%,8%,,,158,157,37,23,34
naksu,GnG Amazigh White,130,"['raze', 'jett', 'killjoy', 'chamber', 'neon']",445,0.96,213.3,0.96,67%,143.2,0.75,0.16,0.12,0.14,32%,20%,,,333,346,72,55,63
nami,NASR Ignite,152,"['omen', 'viper', 'astra', 'harbor']",1030,0.99,193.6,0.96,72%,124.0,0.69,0.31,0.08,0.09,35%,12%,,,713,746,318,82,92
nana,GnG Amazigh White,106,"['raze', 'jett', 'skye', 'sova', 'omen']",319,0.91,198.9,0.95,68%,131.9,0.73,0.23,0.09,0.10,33%,10%,,,232,243,73,28,32
nanno,Unknown,115,"['cypher', 'killjoy', 'chamber', 'jett', 'viper']",242,0.89,189.3,0.85,62%,126.4,0.67,0.15,0.06,0.06,31%,9%,,,162,190,36,15,14
nariel,Unknown,141,"['jett', 'skye', 'breach', 'sage', 'kayo']",224,0.81,181.3,0.80,62%,121.1,0.64,0.17,0.13,0.19,22%,12%,,,144,180,39,28,43
natalcia,Last Second,106,"['killjoy', 'cypher', 'viper']",260,0.97,203.7,0.91,69%,142.3,0.71,0.21,0.08,0.08,36%,13%,,,185,203,54,22,22
natasha,LOUD GC,118,"['killjoy', 'cypher', 'breach']",619,1.00,193.3,1.04,70%,130.6,0.71,0.20,0.10,0.07,34%,10%,,,437,422,125,63,42
natas,FUSION X,66,"['sova', 'gekko', 'viper', 'breach', 'sage']",672,0.78,145.5,0.74,65%,98.1,0.53,0.27,0.06,0.12,27%,15%,,,353,474,182,43,81
nati,LEVIATÁN GC,34,"['viper', 'omen', 'sova', 'gekko', 'killjoy']",571,0.94,185.2,0.92,67%,122.2,0.66,0.20,0.06,0.07,40%,12%,,,377,410,117,34,41
naxa,Zen eSports GC,79,"['raze', 'jett', 'sova', 'reyna', 'neon']",607,1.09,253.6,1.12,67%,167.8,0.90,0.17,0.18,0.16,27%,8%,,,544,487,105,109,97
neli,Unknown,139,"['sova', 'jett', 'raze', 'skye', 'fade']",494,0.93,183.6,0.89,73%,121.6,0.63,0.31,0.08,0.08,22%,12%,,,309,347,153,39,38
nelo,Karmine Corp GC,308,"['killjoy', 'cypher', 'viper', 'chamber', 'breach']",1103,1.01,215.0,1.02,73%,139.4,0.75,0.29,0.11,0.08,33%,15%,,,830,815,315,121,92
nescargot,charbon,54,"['killjoy', 'omen', 'cypher', 'sova', 'viper']",375,0.94,178.9,0.90,68%,119.2,0.62,0.28,0.07,0.09,32%,9%,,,233,258,106,25,34
ness,GIANTX GC,263,"['jett', 'killjoy', 'sova', 'viper', 'cypher']",1249,1.14,205.1,1.15,78%,138.1,0.72,0.33,0.07,0.05,26%,14%,,,896,782,418,91,64
newky,LILAX,178,"['reyna', 'skye', 'kayo', 'breach', 'phoenix']",274,0.94,208.2,0.97,68%,136.6,0.74,0.21,0.12,0.16,33%,21%,,,203,209,58,32,45
nezha,K7 Esports,58,"['breach', 'skye', 'viper', 'killjoy', 'kayo']",427,1.29,264.1,1.39,78%,165.9,0.96,0.38,0.12,0.10,36%,15%,,,412,297,161,51,44
nicky,9z Team GC,66,"['omen', 'viper', 'brimstone', 'sage']",1050,1.06,202.2,1.02,73%,131.2,0.71,0.36,0.08,0.06,31%,17%,,,748,731,382,87,67
nidxvilco,MAD Lions KOI,107,"['viper', 'brimstone', 'omen', 'astra', 'fade']",740,1.00,187.9,1.02,71%,122.9,0.68,0.32,0.06,0.09,29%,19%,,,501,492,238,48,67
nila,Scissor Sisters,78,"['cypher', 'killjoy', 'chamber']",229,0.87,183.0,0.84,64%,123.9,0.64,0.16,0.06,0.08,22%,5%,,,147,175,36,13,18
ninou,VALIANT GC,300,"['sage', 'sova', 'breach', 'brimstone', 'killjoy']",1227,0.91,167.0,0.82,73%,111.1,0.55,0.44,0.04,0.06,19%,16%,,,680,834,542,48,77
nirvana,R8 Blue,120,"['neon', 'raze', 'jett']",300,0.74,186.2,0.77,60%,129.2,0.63,0.21,0.16,0.21,22%,16%,,,189,246,63,48,62
noia,Shopify Rebellion,461,"['killjoy', 'cypher', 'chamber', 'skye', 'jett']",1000,1.04,195.0,1.10,74%,133.0,0.69,0.23,0.08,0.08,26%,16%,,,687,622,229,79,77
none,9z Team GC,123,"['jett', 'neon', 'raze']",1050,1.13,259.1,1.16,69%,171.7,0.89,0.19,0.22,0.18,23%,18%,,,935,805,200,233,193
noor,Twisted Minds Orchid,97,"['viper', 'killjoy', 'omen', 'gekko', 'brimstone']",357,0.99,172.1,0.97,76%,113.2,0.62,0.34,0.05,0.07,27%,20%,,,223,230,120,17,25
nora,YFP X,237,"['skye', 'breach', 'viper', 'kayo', 'omen']",465,1.10,226.6,1.15,75%,147.1,0.79,0.33,0.12,0.10,29%,13%,,,367,320,155,58,46
noze,BLAZE,60,"['killjoy', 'cypher', 'viper', 'omen']",224,1.01,187.8,0.95,63%,130.4,0.71,0.11,0.09,0.09,30%,16%,,,158,166,24,21,20
nugget,Gamax Lite,222,"['killjoy', 'cypher', 'chamber', 'brimstone']",735,0.92,177.1,0.89,69%,121.0,0.61,0.21,0.09,0.08,21%,19%,,,450,504,152,66,56
nury,Unknown,36,"['breach', 'kayo', 'gekko', 'jett', 'skye']",231,0.92,189.3,0.85,64%,128.7,0.67,0.33,0.08,0.07,26%,8%,,,155,183,77,19,17
odessaca,No Thoughts,107,"['omen', 'viper', 'brimstone', 'killjoy', 'clove']",280,0.90,176.1,0.81,69%,115.7,0.62,0.36,0.05,0.08,26%,14%,,,174,215,101,15,23
onni,Cyber Geek,39,"['jett', 'killjoy', 'raze', 'brimstone', 'neon']",211,1.09,230.9,1.08,67%,142.1,0.81,0.27,0.12,0.16,26%,9%,,,170,158,56,25,33
oranges,Teddy Tactics,125,"['viper', 'killjoy', 'omen', 'cypher', 'astra']",232,0.61,145.8,0.60,60%,104.0,0.51,0.17,0.06,0.17,26%,4%,,,119,198,40,14,39
panchill,Zen eSports GC,89,"['killjoy', 'cypher', 'viper', 'omen']",498,0.91,176.3,0.87,66%,120.5,0.63,0.18,0.06,0.07,29%,15%,,,313,358,92,32,34
panday,Unknown,324,"['cypher', 'killjoy', 'omen', 'astra', 'viper']",599,0.93,188.5,0.92,68%,128.2,0.67,0.28,0.09,0.12,32%,16%,,,399,435,166,53,69
panini,oomfies,434,"['viper', 'omen', 'astra', 'brimstone']",288,1.03,213.1,1.02,76%,136.3,0.74,0.31,0.10,0.08,28%,11%,,,214,210,88,28,22
pannyx,Panny Sitter,77,"['sova', 'reyna', 'chamber', 'brimstone']",257,1.01,191.8,0.97,71%,128.0,0.69,0.29,0.05,0.05,31%,12%,,,177,183,74,13,13
patitop,Deagle Ravagers,89,"['killjoy', 'cypher', 'viper']",443,1.21,242.4,1.27,72%,165.9,0.88,0.16,0.12,0.11,33%,17%,,,388,306,73,52,50
peace,Twisted Minds Orchid,57,"['omen', 'kayo', 'gekko', 'jett', 'brimstone']",313,1.05,214.3,1.06,73%,138.7,0.74,0.35,0.09,0.11,32%,10%,,,233,220,108,27,34
petra,G2 Gozen,271,"['sova', 'skye', 'fade', 'breach']",979,1.04,200.0,1.08,75%,133.9,0.69,0.32,0.08,0.10,28%,18%,,,671,619,311,80,97
phobia,Quackers,84,"['sova', 'viper', 'omen', 'sage', 'fade']",250,0.77,161.8,0.63,60%,113.9,0.52,0.27,0.09,0.10,28%,5%,,,129,205,68,22,25
piety,sisu,133,"['killjoy', 'omen', 'sova', 'viper', 'cypher']",610,1.11,212.4,1.13,73%,141.8,0.74,0.27,0.08,0.04,31%,13%,,,452,401,163,46,25
pigruto,Cardboard Dinosaur,73,"['sova', 'killjoy', 'cypher', 'breach', 'fade']",243,0.53,113.7,0.48,53%,81.9,0.37,0.14,0.04,0.13,21%,8%,,,91,188,35,9,31
pingsong,FENNEL GC,31,"['fade', 'sova', 'skye', 'omen', 'killjoy']",520,0.88,178.6,0.81,70%,116.4,0.60,0.34,0.08,0.07,28%,13%,,,311,382,179,44,36
pinkalie,Zerance Mint,221,"['omen', 'viper', 'breach', 'astra', 'brimstone']",410,1.05,183.8,0.99,79%,118.3,0.66,0.51,0.07,0.06,29%,15%,,,272,275,208,28,25
pinky-d,raised,53,"['raze', 'jett', 'neon', 'yoru']",253,0.88,205.8,0.91,66%,137.5,0.73,0.18,0.15,0.17,30%,38%,,,184,203,45,37,42
pink,Scissor Sisters,49,"['raze', 'jett', 'omen', 'kayo']",229,0.82,190.8,0.76,64%,127.7,0.62,0.17,0.11,0.10,26%,10%,,,142,186,39,25,23
plumitadewa,Unknown,57,"['breach', 'raze', 'jett', 'kayo', 'skye']",325,0.79,173.7,0.75,69%,119.7,0.59,0.36,0.10,0.12,27%,3%,,,191,255,118,32,40
poetite,Twisted Minds Orchid,195,"['sova', 'breach', 'fade', 'gekko', 'viper']",431,0.87,173.8,0.82,72%,113.1,0.59,0.38,0.09,0.12,26%,27%,,,256,314,164,40,51
poly,sisu,226,"['viper', 'astra', 'omen', 'brimstone']",640,0.99,188.6,0.98,74%,126.2,0.66,0.35,0.07,0.10,31%,19%,,,424,432,227,44,62
ponix,9z Team GC,116,"['killjoy', 'breach', 'sova', 'gekko', 'raze']",1050,1.02,184.9,0.98,74%,123.6,0.66,0.32,0.05,0.06,28%,15%,,,698,710,340,51,59
powerpixele,Unknown,240,"['breach', 'kayo', 'viper', 'skye', 'omen']",550,1.17,224.6,1.20,79%,144.4,0.77,0.51,0.09,0.07,20%,22%,,,423,353,280,50,39
princessicy,Unknown,198,"['killjoy', 'viper', 'jett', 'cypher', 'breach']",281,1.01,209.1,0.94,65%,137.1,0.73,0.31,0.12,0.09,38%,10%,,,205,219,87,34,26
proxima,BBL Queens,235,"['viper', 'omen', 'skye', 'chamber', 'astra']",747,0.97,183.8,0.98,71%,121.5,0.66,0.30,0.06,0.07,39%,19%,,,491,502,222,45,51
pyro,Infinity X,115,"['viper', 'breach', 'gekko', 'killjoy', 'sova']",291,0.84,171.1,0.75,69%,113.2,0.58,0.35,0.09,0.14,22%,17%,,,169,224,103,26,40
qiqi,Cardboard Dinosaur,37,"['killjoy', 'astra', 'skye', 'viper', 'omen']",204,0.88,183.9,0.91,70%,126.3,0.65,0.23,0.04,0.11,23%,30%,,,132,145,47,8,22
r4m,REIGNITE Lily,69,"['omen', 'viper', 'astra', 'neon']",359,1.01,197.6,0.94,75%,128.6,0.69,0.39,0.07,0.09,23%,17%,,,248,263,140,24,31
rainssa,BACKSTABBED,292,"['astra', 'omen', 'sage', 'viper']",343,1.03,208.8,1.06,73%,141.3,0.73,0.28,0.10,0.11,29%,21%,,,250,236,97,33,37
raquinuki,FUSION X,100,"['cypher', 'killjoy', 'omen', 'deadlock', 'raze']",1135,0.96,191.6,0.96,67%,130.7,0.68,0.21,0.09,0.09,32%,13%,,,777,807,234,99,98
raven,Teddy Tactics,150,"['viper', 'omen', 'brimstone', 'astra']",411,1.02,188.8,0.97,71%,126.4,0.68,0.34,0.04,0.04,35%,16%,,,278,286,140,18,17
rayne,YDZ Black,167,"['jett', 'raze', 'yoru', 'neon', 'cypher']",383,0.89,199.3,0.85,59%,135.6,0.70,0.13,0.14,0.17,27%,8%,,,269,316,48,54,67
reshi,FiRePOWER,132,"['omen', 'jett', 'brimstone', 'viper', 'raze']",711,0.93,191.2,0.87,67%,127.7,0.66,0.31,0.08,0.08,25%,12%,,,466,533,217,57,55
rezq,G2 Gozen,99,"['raze', 'jett', 'killjoy', 'yoru', 'sage']",979,1.13,257.3,1.28,74%,162.6,0.89,0.20,0.25,0.17,25%,23%,,,876,687,197,240,161
rice,RIMA GC,61,"['skye', 'breach', 'killjoy', 'phoenix', 'omen']",256,0.98,189.6,0.87,72%,124.4,0.63,0.38,0.12,0.09,27%,10%,,,160,184,96,31,23
ripmel,Synergy,112,"['omen', 'killjoy', 'viper', 'astra', 'brimstone']",234,0.70,151.0,0.66,64%,104.2,0.52,0.32,0.02,0.08,23%,10%,,,121,182,74,5,18
rise,zZz,475,"['omen', 'viper', 'kayo', 'astra', 'skye']",733,0.92,167.1,0.83,72%,109.6,0.58,0.44,0.06,0.07,25%,13%,,,428,517,325,44,54
ritsu,Ketçaplı Ruffles,81,"['killjoy', 'omen', 'chamber', 'cypher', 'viper']",394,1.07,214.2,1.10,68%,148.0,0.77,0.13,0.12,0.09,32%,10%,,,305,277,52,49,34
riv,Refrag,144,"['killjoy', 'cypher', 'viper', 'omen']",541,0.85,176.4,0.84,70%,116.2,0.60,0.24,0.10,0.11,26%,15%,,,325,385,128,53,60
romia,FENNEL GC,91,"['killjoy', 'cypher', 'sova']",686,1.03,200.4,1.07,69%,132.9,0.73,0.19,0.08,0.07,28%,17%,,,499,468,129,52,47
romily,KRÜ BLAZE,177,"['jett', 'killjoy', 'viper', 'cypher', 'sage']",694,1.12,194.9,1.34,78%,131.3,0.73,0.23,0.06,0.06,31%,19%,,,509,381,157,44,42
rosa,swaglord9000,117,"['jett', 'raze', 'killjoy', 'skye', 'deadlock']",256,0.99,226.5,1.04,70%,143.9,0.79,0.25,0.16,0.13,18%,21%,,,202,195,64,41,32
rosey,invincible gc,146,"['killjoy', 'omen', 'viper', 'brimstone', 'fade']",324,0.97,180.7,0.95,75%,116.9,0.64,0.40,0.09,0.08,22%,16%,,,208,218,128,29,26
roxi,Karmine Corp GC,287,"['killjoy', 'cypher', 'skye', 'viper', 'sage']",531,0.98,193.6,0.94,67%,131.0,0.66,0.23,0.11,0.08,30%,17%,,,352,374,121,57,41
saab,New Combat Line GC,37,"['viper', 'jett', 'killjoy', 'chamber', 'breach']",307,0.82,182.6,0.84,62%,121.3,0.65,0.17,0.10,0.09,26%,9%,,,199,238,53,31,27
sabooboo,Unknown,104,"['omen', 'sova', 'skye', 'kayo', 'brimstone']",509,0.90,174.4,0.88,71%,113.7,0.61,0.29,0.07,0.07,28%,19%,,,313,355,150,34,36
sadeem,R8 Blue,40,"['viper', 'astra', 'clove', 'brimstone']",300,1.13,221.7,1.09,73%,140.7,0.82,0.33,0.09,0.07,25%,16%,,,246,226,99,26,21
safiaa,NASR Ignite,105,"['cypher', 'killjoy', 'omen', 'chamber', 'raze']",1030,1.02,193.7,1.00,70%,133.8,0.70,0.24,0.08,0.07,31%,15%,,,723,725,251,82,75
saikiwi,University War GC,94,"['omen', 'jett', 'viper', 'neon']",653,0.96,204.8,0.98,67%,133.7,0.73,0.30,0.10,0.12,31%,13%,,,474,484,196,66,81
salty,TOG Kitsune,172,"['breach', 'sage', 'skye', 'kayo', 'astra']",340,0.90,173.8,0.82,71%,112.7,0.60,0.39,0.07,0.08,19%,6%,,,204,249,134,24,28
sampphire,Cardboard Dinosaur,110,"['sova', 'breach', 'gekko', 'fade', 'killjoy']",447,0.98,173.9,0.93,69%,123.9,0.64,0.27,0.03,0.06,28%,18%,,,285,308,121,13,26
samsi,SK Nebula,243,"['sova', 'killjoy', 'chamber', 'raze', 'cypher']",277,0.76,171.6,0.75,60%,117.7,0.58,0.18,0.04,0.09,20%,9%,,,162,215,49,12,26
sandra,Team Falcons Vega,184,"['raze', 'jett', 'cypher', 'fade', 'omen']",1407,0.89,180.8,0.90,67%,120.7,0.65,0.22,0.08,0.09,36%,9%,,,908,1009,307,117,130
sarahcat,Shopify Rebellion,360,"['sova', 'viper', 'kayo', 'breach']",1000,1.07,221.1,1.11,75%,141.6,0.75,0.34,0.12,0.12,25%,21%,,,753,680,335,123,123
sarah,GIANTX GC,147,"['raze', 'breach', 'jett', 'kayo', 'reyna']",1288,0.98,181.5,0.97,76%,116.0,0.64,0.45,0.06,0.06,32%,20%,,,829,854,580,74,82
saraya,Legiowon Puff,51,"['skye', 'killjoy', 'breach', 'kayo', 'sova']",306,0.89,177.4,0.86,64%,116.5,0.65,0.25,0.06,0.05,34%,11%,,,199,232,75,18,14
sar,Unknown,13,"['sova', 'sage', 'skye', 'chamber']",213,0.79,178.3,0.76,64%,119.4,0.60,0.26,0.08,0.08,29%,12%,,,127,168,56,18,18
sawamura,sisu,154,"['jett', 'neon', 'raze', 'reyna', 'omen']",642,1.00,217.4,1.06,71%,139.1,0.77,0.18,0.17,0.13,38%,12%,,,496,467,114,108,84
sayuri,MIBR GC,345,"['omen', 'sova', 'brimstone', 'breach', 'skye']",728,0.96,171.5,0.91,77%,110.9,0.58,0.53,0.06,0.06,19%,12%,,,425,467,384,43,47
scarlett,Gamax Lite,168,"['jett', 'raze', 'omen']",446,1.01,213.6,1.04,74%,137.9,0.74,0.25,0.15,0.12,22%,9%,,,328,316,110,67,54
schnell,Unknown,208,"['jett', 'raze', 'neon', 'chamber', 'cypher']",587,1.00,214.1,1.03,71%,140.7,0.75,0.24,0.13,0.13,31%,17%,,,441,428,141,79,76
sekkya,Unknown,118,"['skye', 'kayo', 'killjoy', 'sova', 'breach']",215,0.83,146.8,0.74,69%,90.7,0.53,0.49,0.03,0.07,17%,18%,,,114,155,106,7,14
sephia,The Ultimates Odyssey,242,"['skye', 'sage', 'kayo', 'phoenix', 'fade']",654,0.99,206.7,0.98,71%,133.4,0.72,0.32,0.11,0.08,39%,7%,,,474,486,211,75,53
sereen,The Ultimates Odyssey,128,"['omen', 'raze', 'skye', 'jett', 'neon']",471,0.97,224.9,0.97,70%,142.9,0.75,0.26,0.18,0.18,20%,18%,,,352,364,123,85,83
serena,Unknown,104,"['sova', 'breach', 'sage', 'kayo', 'gekko']",451,0.92,176.4,0.87,70%,118.6,0.62,0.30,0.06,0.05,34%,18%,,,279,321,137,28,24
serena,ZETA DIVISION GC,52,"['cypher', 'killjoy', 'jett', 'raze']",461,1.02,200.8,1.05,73%,134.4,0.69,0.23,0.07,0.07,26%,15%,,,316,300,107,31,30
setrexz,Dasein Club,62,"['jett', 'neon', 'raze', 'fade', 'skye']",243,0.92,216.9,0.91,65%,145.7,0.76,0.16,0.19,0.16,29%,13%,,,184,202,39,46,39
shina,4Fun,89,"['killjoy', 'chamber', 'cypher']",459,0.95,182.9,0.91,65%,126.9,0.65,0.16,0.12,0.10,29%,19%,,,300,329,73,54,44
shirah0sh1,Avernus Esports GC,70,"['killjoy', 'reyna', 'fade']",304,0.87,189.7,0.84,62%,125.7,0.68,0.19,0.08,0.13,31%,18%,,,207,245,59,23,41
shirazi,Xipto Esports,208,"['viper', 'brimstone', 'omen', 'chamber', 'astra']",437,1.34,236.6,1.60,81%,161.7,0.84,0.33,0.10,0.05,20%,20%,,,367,229,143,45,24
shotoo,Bon Bon Bum,51,"['omen', 'kayo', 'killjoy', 'skye', 'raze']",242,0.92,195.2,0.88,66%,133.0,0.73,0.25,0.07,0.09,33%,5%,,,176,199,60,18,22
shyz,TBS GC,302,"['raze', 'kayo', 'sova', 'killjoy', 'sage']",582,0.87,152.4,0.78,65%,106.2,0.53,0.27,0.03,0.06,29%,13%,,,311,398,156,20,34
sia,SK Nebula,217,"['astra', 'viper', 'sage', 'omen', 'sova']",229,0.74,158.4,0.71,60%,110.8,0.55,0.20,0.06,0.10,38%,19%,,,127,180,46,14,23
silv,Penguin Party,59,"['omen', 'viper', 'astra', 'brimstone']",210,0.83,175.5,0.80,69%,123.8,0.60,0.32,0.11,0.13,32%,7%,,,127,159,67,24,28
slandy,mesos millionaires,352,"['skye', 'breach', 'kayo', 'omen']",597,0.97,173.7,0.91,73%,115.6,0.61,0.38,0.06,0.07,23%,12%,,,365,402,224,36,43
sliicyy,charbon,245,"['breach', 'jett', 'skye', 'astra', 'kayo']",363,1.01,206.3,0.97,72%,130.5,0.71,0.45,0.11,0.12,27%,24%,,,259,268,164,39,43
smurfette,GIANTX GC,368,"['jett', 'raze', 'chamber', 'neon']",1288,1.06,236.0,1.14,70%,154.8,0.84,0.16,0.21,0.17,27%,16%,,,1080,947,212,268,222
sofia,Permitta Unicorns GC,69,"['sova', 'fade', 'omen', 'gekko', 'killjoy']",297,0.78,153.9,0.70,64%,95.9,0.54,0.31,0.06,0.10,31%,21%,,,160,227,92,17,29
soko,Penguin Party,93,"['jett', 'raze', 'phoenix', 'neon', 'yoru']",210,1.12,228.2,1.11,67%,153.4,0.80,0.21,0.12,0.09,31%,4%,,,168,152,44,25,19
sonder,FlyQuest RED,481,"['raze', 'kayo', 'jett', 'reyna', 'skye']",1567,1.01,207.8,0.97,77%,132.9,0.70,0.52,0.11,0.10,25%,16%,,,1102,1140,816,166,164
speedowka,Unknown,201,"['kayo', 'breach', 'jett', 'skye', 'sage']",589,0.92,170.9,0.88,75%,112.3,0.62,0.42,0.05,0.07,34%,13%,,,363,411,247,31,42
speedy,TBS GC,161,"['omen', 'viper', 'brimstone', 'sova', 'killjoy']",790,0.79,152.8,0.72,63%,104.9,0.53,0.29,0.05,0.08,29%,19%,,,417,583,227,39,63
speq,Bumble Bees,105,"['skye', 'sova', 'kayo', 'fade', 'breach']",303,0.70,147.6,0.62,63%,96.6,0.51,0.34,0.05,0.11,24%,12%,,,156,253,104,16,32
srn,MIBR GC,124,"['raze', 'jett']",728,1.31,290.8,1.41,76%,191.2,1.01,0.22,0.27,0.17,23%,28%,,,735,521,159,193,127
starbound,FlyQuest RED,293,"['killjoy', 'cypher', 'jett', 'chamber', 'viper']",1567,1.16,217.6,1.27,76%,145.2,0.78,0.21,0.09,0.07,20%,18%,,,1222,960,330,134,103
superkat,oomfies,200,"['raze', 'skye', 'sova', 'jett', 'chamber']",225,1.02,185.4,1.02,72%,125.7,0.67,0.28,0.11,0.12,30%,9%,,,150,147,62,25,28
superphrog,HEROIC Valkyries,151,"['jett', 'chamber', 'raze', 'cypher']",574,0.77,156.3,0.76,61%,109.9,0.58,0.16,0.07,0.11,34%,13%,,,334,439,91,39,66
supiree,NTH,121,"['raze', 'jett', 'neon', 'chamber', 'killjoy']",469,0.94,209.1,0.91,70%,144.1,0.70,0.22,0.15,0.18,18%,14%,,,330,363,103,69,84
susbake,Odd 1 OUT,46,"['sova', 'deadlock', 'killjoy', 'cypher', 'harbor']",391,1.03,220.6,1.02,71%,145.7,0.76,0.25,0.11,0.10,33%,22%,,,299,294,97,43,40
suzu,ZETA DIVISION GC,113,"['jett', 'raze', 'sova', 'omen', 'sage']",461,1.10,251.1,1.20,71%,164.3,0.88,0.23,0.19,0.20,25%,19%,,,405,338,104,88,90
svnny,HyperSpeed Red,68,"['omen', 'breach', 'kayo', 'viper', 'gekko']",220,0.72,142.6,0.58,58%,98.3,0.46,0.35,0.04,0.10,33%,N/A,,,102,176,76,8,23
syd89,Avernus Esports GC,27,"['omen', 'brimstone', 'killjoy', 'kayo']",304,0.77,144.9,0.66,65%,98.5,0.50,0.38,0.04,0.06,30%,15%,,,152,232,115,13,18
sye,GnG Amazigh White,83,"['killjoy', 'fade', 'breach', 'kayo', 'viper']",210,0.89,165.7,0.81,67%,103.6,0.55,0.31,0.04,0.06,17%,14%,,,116,144,65,9,13
sylva,TOG Kitsune,183,"['kayo', 'sova', 'skye', 'gekko', 'breach']",317,0.87,177.8,0.86,70%,111.0,0.63,0.33,0.08,0.06,25%,14%,,,199,232,104,24,20
syuz,Unknown,91,"['kayo', 'raze', 'breach', 'skye', 'reyna']",237,0.92,193.0,0.88,68%,129.9,0.68,0.40,0.10,0.11,34%,7%,,,160,181,94,23,26
t4c,Salt n Shake,76,"['breach', 'kayo', 'gekko']",266,0.88,163.9,0.79,68%,106.3,0.57,0.47,0.05,0.08,20%,21%,,,151,192,125,12,22
tara,Xipto Esports,110,"['sage', 'omen', 'astra', 'cypher', 'brimstone']",437,1.01,174.2,1.13,77%,112.1,0.63,0.39,0.06,0.06,26%,32%,,,275,243,170,28,27
tconda,Zen eSports GC,78,"['jett', 'raze']",521,0.98,229.6,1.00,64%,150.6,0.79,0.16,0.18,0.19,31%,11%,,,414,415,85,93,101
teddyisfluffy,mesos millionaires,188,"['omen', 'astra', 'viper', 'clove', 'brimstone']",591,0.90,196.9,0.83,66%,127.8,0.67,0.36,0.08,0.16,23%,14%,,,396,475,213,50,92
theia,FlyQuest RED,390,"['omen', 'cypher', 'killjoy', 'chamber', 'astra']",1388,0.88,158.7,0.83,72%,103.8,0.55,0.38,0.06,0.10,25%,18%,,,765,918,526,82,139
theozy,Unknown,54,"['kayo', 'jett', 'raze', 'skye', 'fade']",372,0.98,209.7,0.99,69%,143.9,0.74,0.27,0.11,0.15,31%,17%,,,276,278,101,40,54
thuy,Zerance Mint,66,"['omen', 'viper', 'killjoy', 'brimstone']",595,1.12,213.5,1.15,76%,136.6,0.77,0.38,0.09,0.10,25%,31%,,,456,397,226,55,58
thykuza,Unknown,121,"['jett', 'raze', 'skye', 'breach']",637,0.90,230.3,0.91,62%,146.8,0.77,0.19,0.22,0.24,24%,21%,,,491,538,120,140,150
tiff,Penguin Party,52,"['sova', 'gekko', 'skye', 'fade', 'viper']",210,1.04,217.0,1.03,72%,144.5,0.74,0.34,0.11,0.11,25%,8%,,,156,152,71,24,23
toffywoffy,Watermelon,110,"['killjoy', 'sova', 'fade', 'breach', 'viper']",218,0.71,156.6,0.61,61%,106.1,0.50,0.30,0.09,0.08,20%,7%,,,108,176,66,19,17
tok1o,LEVIATÁN GC,80,"['jett', 'raze', 'chamber', 'neon', 'sova']",804,1.27,267.2,1.35,74%,174.0,0.95,0.18,0.19,0.15,26%,21%,,,763,566,145,146,116
tokameite,NASR Ignite,121,"['sova', 'skye', 'breach', 'fade', 'viper']",897,1.03,184.1,0.98,73%,125.1,0.67,0.37,0.05,0.06,30%,11%,,,603,613,334,44,50
toki,Team Falcons Vega,211,"['raze', 'jett', 'omen']",1407,1.00,213.3,1.02,71%,141.5,0.71,0.26,0.16,0.15,30%,18%,,,1004,982,361,222,212
tub,RIMA GC,106,"['jett', 'raze', 'gekko', 'sova', 'omen']",256,0.85,186.1,0.84,71%,128.0,0.67,0.25,0.09,0.11,26%,17%,,,171,204,63,24,27
tura,FUSION X,113,"['astra', 'brimstone', 'omen', 'viper', 'clove']",1135,0.88,174.0,0.82,70%,112.0,0.60,0.40,0.06,0.10,25%,10%,,,683,837,456,67,108
tweeya,4Fun,89,"['omen', 'raze', 'viper', 'brimstone', 'reyna']",320,1.06,223.9,1.05,73%,147.3,0.79,0.29,0.05,0.10,17%,9%,,,254,242,92,17,32
unfeel,Tenax GC,92,"['gekko', 'sova', 'raze', 'breach', 'skye']",304,0.68,123.2,0.55,63%,83.4,0.42,0.28,0.05,0.07,27%,10%,,,129,233,84,14,21
unstable,Unknown,290,"['jett', 'skye', 'raze', 'yoru', 'reyna']",828,1.14,228.9,1.27,76%,143.1,0.84,0.24,0.16,0.10,32%,18%,,,692,547,202,131,86
ur,ZETA DIVISION GC,49,"['viper', 'sova', 'omen', 'brimstone', 'gekko']",461,1.18,222.9,1.22,76%,146.0,0.79,0.37,0.08,0.08,25%,25%,,,362,297,169,36,35
valu,Unknown,72,"['sova', 'gekko', 'cypher', 'fade']",303,0.96,194.4,0.94,70%,128.0,0.68,0.19,0.08,0.10,37%,12%,,,206,218,59,25,29
vam,Unknown,108,"['breach', 'omen', 'fade', 'sova', 'raze']",471,0.88,164.3,0.81,70%,113.2,0.58,0.36,0.04,0.07,31%,11%,,,272,335,169,18,31
vania,G2 Gozen,208,"['omen', 'viper', 'brimstone', 'skye', 'astra']",979,1.34,235.2,1.53,82%,152.1,0.86,0.40,0.08,0.05,38%,21%,,,839,548,388,78,52
vaz,raised,60,"['viper', 'omen', 'sova', 'astra', 'gekko']",386,1.13,190.4,1.11,76%,130.9,0.68,0.34,0.05,0.05,25%,22%,,,264,238,130,21,18
vefa,MYVRA,47,"['cypher', 'killjoy', 'gekko', 'breach', 'sova']",788,0.82,167.9,0.78,68%,113.1,0.60,0.23,0.07,0.09,28%,16%,,,470,602,179,55,73
venus,Teddy Tactics,159,"['raze', 'jett', 'neon', 'chamber', 'breach']",232,0.85,186.7,0.82,62%,123.7,0.67,0.15,0.10,0.19,28%,12%,,,155,188,35,24,44
vii,TBS GC,156,"['jett', 'raze', 'omen', 'neon', 'kayo']",790,0.86,198.8,0.88,64%,131.7,0.71,0.14,0.15,0.17,29%,11%,,,557,635,112,115,131
vossu,University War GC,84,"['breach', 'kayo', 'sova', 'skye', 'fade']",649,0.89,164.8,0.81,69%,111.7,0.58,0.38,0.04,0.08,31%,12%,,,378,469,249,28,49
wanheda,MYVRA,64,"['breach', 'kayo', 'sova', 'skye', 'sage']",343,0.87,172.2,0.79,68%,113.8,0.61,0.41,0.08,0.09,22%,17%,,,208,264,139,26,31
waved,LOUD GC,153,"['jett', 'raze', 'neon']",410,1.17,265.6,1.24,73%,174.8,0.91,0.20,0.23,0.15,26%,16%,,,375,303,84,95,60
wens,BBL Queens,81,"['killjoy', 'cypher', 'viper', 'sage', 'skye']",747,1.03,204.7,1.07,70%,136.0,0.73,0.19,0.11,0.09,37%,19%,,,545,507,144,83,68
winter,GnG Amazigh White,48,"['raze', 'jett', 'reyna', 'sova', 'fade']",315,1.13,251.1,1.12,68%,165.8,0.88,0.21,0.16,0.17,28%,15%,,,278,249,65,50,52
winter,Pensou num nome,43,"['neon', 'raze', 'jett', 'sova', 'iso']",235,0.92,213.8,0.93,63%,147.5,0.76,0.19,0.16,0.19,27%,4%,,,178,191,44,37,44
wire,Everyone Really Misses,43,"['neon', 'raze', 'jett', 'gekko', 'yoru']",204,0.89,218.3,0.88,59%,146.2,0.75,0.13,0.17,0.17,30%,9%,,,153,173,27,34,34
xaline,charbon,217,"['killjoy', 'chamber', 'viper', 'cypher', 'deadlock']",319,1.08,213.8,1.10,71%,145.0,0.75,0.24,0.08,0.10,23%,10%,,,240,218,77,27,32
xalleby,NTH,58,"['raze', 'jett', 'reyna', 'cypher']",475,0.87,194.3,0.87,64%,131.4,0.66,0.20,0.14,0.18,24%,20%,,,313,360,96,65,85
xann,KS Hunters,166,"['jett', 'raze', 'yoru']",935,0.97,237.5,0.97,68%,156.2,0.80,0.20,0.20,0.21,29%,10%,,,745,766,190,191,196
xenia,Ketçaplı Ruffles,128,"['sova', 'breach', 'skye', 'jett', 'kayo']",394,0.96,199.1,0.96,66%,134.5,0.73,0.24,0.13,0.13,30%,20%,,,286,297,96,53,50
yamzzi,FENNEL GC,96,"['killjoy', 'omen', 'chamber', 'skye', 'sova']",686,1.02,180.4,1.00,72%,120.0,0.66,0.40,0.07,0.07,32%,19%,,,452,452,274,51,45
yashi,Unknown,54,"['omen', 'breach', 'sova', 'viper', 'raze']",224,0.73,169.7,0.68,64%,113.3,0.57,0.28,0.10,0.11,23%,5%,,,128,189,62,23,25
yuh4,URACHACHA,63,"['breach', 'skye', 'kayo', 'fade', 'sova']",201,0.78,169.5,0.72,65%,113.2,0.57,0.33,0.04,0.07,24%,14%,,,114,158,66,9,14
yumi,Penguin Party,53,"['jett', 'reyna', 'breach', 'gekko', 'viper']",210,1.01,203.0,0.97,73%,137.2,0.73,0.30,0.06,0.07,28%,10%,,,153,157,64,12,14
yuna,University War GC,45,"['sova', 'fade', 'viper', 'sage', 'omen']",372,0.77,155.4,0.72,66%,104.9,0.53,0.32,0.07,0.12,28%,3%,,,198,276,120,24,43
zaki,Bon Bon Bum,90,"['raze', 'chamber', 'sage', 'viper', 'reyna']",431,0.83,179.5,0.80,68%,117.4,0.62,0.26,0.11,0.13,27%,23%,,,269,336,111,49,56
zev,HyperSpeed Red,104,"['raze', 'jett', 'neon']",289,0.82,195.6,0.83,58%,131.7,0.69,0.12,0.12,0.21,33%,17%,,,200,242,35,36,60
zidian,K7 Esports,55,"['raze', 'phoenix', 'jett', 'harbor', 'omen']",364,1.04,215.6,0.96,74%,142.1,0.73,0.42,0.07,0.12,17%,10%,,,265,275,152,24,42
zodiac,REIGNITE Lily,69,"['jett', 'raze', 'neon', 'chamber']",359,0.97,224.0,0.93,69%,152.1,0.75,0.22,0.18,0.16,21%,19%,,,269,289,80,66,56
zoe,Unknown,196,"['sova', 'raze', 'chamber', 'jett', 'reyna']",214,0.77,188.4,0.73,60%,130.4,0.63,0.19,0.16,0.21,27%,19%,,,134,184,41,35,46
zoue,YDZ Black,59,"['omen', 'cypher', 'clove', 'killjoy', 'viper']",275,0.77,178.2,0.71,64%,119.1,0.61,0.27,0.07,0.09,21%,3%,,,168,235,74,19,24
