TeamId,Name,Country,Wins,Loses,Winrate,GameChangerWins,GameChangerLoses,Region,Status
1001,Team Heretics,Europe,53,6,0.898,N/A,N/A,EMEAS,Active
10042,Colossal Black,United States,2,6,0.25,2,6,Americas,Active
10052,REVIVAL,United States,11,8,0.579,11,8,Americas,Inactive
10087,Team Digital,Canada,5,6,0.455,N/A,N/A,Americas,Active
10094,GMT Esports,Italy,93,34,0.732,N/A,N/A,EMEAS,Inactive
10113,DRX Changers,Japan,8,4,0.667,8,4,Pacific,Active
10147,Gods Reign,India,19,11,0.633,N/A,N/A,Pacific,Inactive
10149,K10,United Kingdom,N/A,N/A,N/A,N/A,N/A,EMEAS,Active
10182,Final Form Entertainment,United States,4,3,0.571,N/A,N/A,Americas,Active
10188,VALIANT,France,N/A,N/A,N/A,N/A,N/A,EMEAS,Active
10190,Les Petits Bouffons,United Kingdom,30,14,0.682,N/A,N/A,EMEAS,Inactive
10289,bb.w7m,Brazil,2,2,0.5,2,2,Americas,Active
10293,Bikini Bottom Pratahouse,Singapore,N/A,N/A,N/A,N/A,N/A,Pacific,Inactive
10294,NEXGA,Malaysia,18,11,0.621,N/A,N/A,Pacific,Inactive
10295,Team Path,Malaysia,8,14,0.364,N/A,N/A,Pacific,Inactive
10298,xyz,Australia,7,8,0.467,N/A,N/A,Pacific,Inactive
10305,club penguin,Australia,14,14,0.5,N/A,N/A,Pacific,Active
10307,Built For Greatness,Australia,51,24,0.68,N/A,N/A,Pacific,Inactive
1033,Reckoning Esports,India,11,13,0.458,N/A,N/A,Pacific,Active
1034,NRG Esports,United States,98,41,0.705,N/A,N/A,Americas,Active
10351,Vipers Clan,Philippines,N/A,N/A,N/A,N/A,N/A,Pacific,Inactive
10356,AIM PH,Philippines,5,11,0.312,N/A,N/A,Pacific,Active
10364,Des Moines DMG,United States,N/A,N/A,N/A,N/A,N/A,Americas,Inactive
10370,Chosen 1s,United States,10,20,0.333,N/A,N/A,Americas,Active
104,REJECT,Japan,46,32,0.59,N/A,N/A,Pacific,Active
10400,Tim Tài Trơ,Vietnam,18,8,0.692,N/A,N/A,Pacific,Inactive
10408,CRIT Esports,Thailand,N/A,N/A,N/A,N/A,N/A,Pacific,Inactive
10417,Formulation Gaming,Europe,6,5,0.545,N/A,N/A,EMEAS,Active
10421,The Who?,Australia,9,4,0.692,N/A,N/A,Pacific,Inactive
10431,Underground Gaming,Jordan,18,11,0.621,N/A,N/A,EMEAS,Inactive
10448,Winthrop University,United States,1,2,0.333,N/A,N/A,Americas,Active
10454,UMD Premier,United States,1,2,0.333,N/A,N/A,Americas,Active
10460,Full Sail Armada,United States,N/A,N/A,N/A,N/A,N/A,Americas,Active
10472,ODU Monarchs,United States,N/A,N/A,N/A,N/A,N/A,Americas,Active
10493,Niner Esports,United States,0,3,0.0,N/A,N/A,Americas,Active
10530,TAMU White,United States,3,3,0.5,N/A,N/A,Americas,Active
10592,ROA Esport,Taiwan,5,7,0.417,N/A,N/A,Pacific,Active
10594,AxX,Taiwan,6,6,0.5,N/A,N/A,Pacific,Inactive
10597,ONE Team Esports,Taiwan,38,12,0.76,N/A,N/A,Pacific,Active
10598,UTT Esports,Hong Kong,7,8,0.467,N/A,N/A,Pacific,Inactive
106,TSM,United States,172,65,0.726,N/A,N/A,Americas,Active
10603,Over Quality,South Korea,21,10,0.677,N/A,N/A,Pacific,Inactive
10606,AMORIS Vega,Japan,7,5,0.583,N/A,N/A,Pacific,Active
10634,Triple Esports Club,United Arab Emirates,3,4,0.429,N/A,N/A,EMEAS,Inactive
10639,SunXet Club Fem,Chile,8,6,0.571,8,6,GameChangers,Inactive
10645,SHIFT X,United States,6,7,0.462,6,7,Americas,Inactive
10697,CPP White,United States,N/A,N/A,N/A,N/A,N/A,Americas,Active
10700,Abaddon Abyss,Philippines,15,24,0.385,N/A,N/A,Pacific,Inactive
10713,BreakThru,United States,23,7,0.767,N/A,N/A,Americas,Inactive
10725,Oxygen Esports,United States,48,15,0.762,N/A,N/A,Americas,Inactive
10727,Stellae Gaming,Brazil,16,16,0.5,N/A,N/A,Americas,Active
10735,TropiCaos,Brazil,20,15,0.571,N/A,N/A,Americas,Inactive
10755,Galorys,Brazil,12,16,0.429,N/A,N/A,Americas,Active
10895,EXCEL GC,Europe,22,13,0.629,22,13,EMEAS,Inactive
10906,YFP White,United States,2,2,0.5,9,4,Americas,Inactive
10908,Scarlet,United States,3,6,0.333,3,6,Americas,Active
10915,Teddy Tactics,United States,0,1,0.0,8,4,Americas,Active
10966,Raw Dawgs,United States,16,11,0.593,N/A,N/A,Americas,Inactive
10977,Team 4D,United States,N/A,N/A,N/A,N/A,N/A,Americas,Inactive
10979,Kizuna Esports,Singapore,N/A,N/A,N/A,N/A,N/A,Pacific,Active
11001,M80,Canada,142,47,0.751,N/A,N/A,Americas,Inactive
11002,RETA Esports,Chile,7,10,0.412,N/A,N/A,Americas,Active
11048,No future life is over,United States,87,32,0.731,N/A,N/A,Americas,Inactive
11056,FATE Esports,International,23,30,0.434,N/A,N/A,EMEAS,Inactive
11058,G2 Esports,United States,9,10,0.474,N/A,N/A,Americas,Active
11060,Nongshim RedForce,South Korea,4,1,0.8,N/A,N/A,Pacific,Active
1110,Alter Ego,Indonesia,98,49,0.667,N/A,N/A,Pacific,Active
11101,Entertainment District,United States,30,37,0.448,N/A,N/A,Americas,Inactive
11135,Guangzhou Long Lionz,Australia,11,19,0.367,N/A,N/A,Pacific,Inactive
11152,Outplayed,Italy,2,12,0.143,N/A,N/A,EMEAS,Active
11176,AYM Esports,Spain,7,45,0.135,N/A,N/A,EMEAS,Inactive
11177,Falcons,Spain,18,20,0.474,N/A,N/A,EMEAS,Inactive
1119,All Gamers,China,N/A,N/A,N/A,N/A,N/A,China,Active
11195,00Nation,Brazil,10,13,0.435,N/A,N/A,Americas,Inactive
11197,Disguised,United States,160,81,0.664,N/A,N/A,Americas,Inactive
1120,EDward Gaming,China,N/A,N/A,N/A,N/A,N/A,China,Active
11201,Version1,United States,49,24,0.671,69,5,Americas,Inactive
11229,VARREL,Japan,4,3,0.571,N/A,N/A,Pacific,Inactive
11232,Joblife,Europe,21,17,0.553,N/A,N/A,EMEAS,Active
11233,BC SWELL,Japan,6,4,0.6,N/A,N/A,Pacific,Active
11234,Mochi Fanclub,United States,150,74,0.67,N/A,N/A,Americas,Inactive
11237,duplaw,Hungary,N/A,N/A,N/A,N/A,N/A,EMEAS,Active
11238,TwoKay,Vietnam,11,18,0.379,N/A,N/A,Pacific,Active
1124,RED Canids,Brazil,16,7,0.696,N/A,N/A,Americas,Active
11247,SBG,France,40,20,0.667,N/A,N/A,EMEAS,Inactive
11248,Ninjas in Pyjamas Lightning,Europe,61,37,0.622,61,37,EMEAS,Inactive
11250,AEX-1,Germany,3,13,0.188,N/A,N/A,EMEAS,Inactive
11256,DEMURY,Poland,N/A,N/A,N/A,N/A,N/A,EMEAS,Inactive
11257,Szach Mat,Poland,38,20,0.655,N/A,N/A,EMEAS,Active
11262,Laterious,Germany,0,4,0.0,N/A,N/A,EMEAS,Inactive
11273,3DMAX,France,13,19,0.406,N/A,N/A,EMEAS,Inactive
11274,VIKINGS Fourteen,Portugal,9,10,0.474,N/A,N/A,EMEAS,Inactive
11275,LAZY,Vietnam,28,20,0.583,N/A,N/A,Pacific,Active
11276,Rapid Lofi,Vietnam,13,19,0.406,N/A,N/A,Pacific,Active
11281,Hey! Yakiniku,Singapore,7,12,0.368,N/A,N/A,Pacific,Inactive
11293,Dominatus,Indonesia,23,20,0.535,N/A,N/A,Pacific,Inactive
11296,KAZE Obelisk,Indonesia,N/A,N/A,N/A,N/A,N/A,Pacific,Inactive
11304,Hero Zero ANUBIS,Indonesia,9,16,0.36,N/A,N/A,Pacific,Inactive
11309,Le Crapaud,Indonesia,28,20,0.583,N/A,N/A,Pacific,Active
11318,SendTreePay,Taiwan,3,9,0.25,N/A,N/A,Pacific,Active
11328,FunPlus Phoenix,China,69,51,0.575,N/A,N/A,China,Active
11329,OREsports,United States,51,17,0.75,N/A,N/A,Americas,Inactive
11348,Dplus Esports,South Korea,65,26,0.714,N/A,N/A,Pacific,Active
11349,Tufts VaLULrant,International,N/A,N/A,N/A,N/A,N/A,N/A,Inactive
11352,Perfect World,Canada,10,4,0.714,N/A,N/A,Americas,Inactive
11355,Nonnegative,United States,1,6,0.143,N/A,N/A,Americas,Active
11357,Dead Orbit,Canada,N/A,N/A,N/A,N/A,N/A,Americas,Active
11369,The Dealers,International,N/A,N/A,N/A,N/A,N/A,N/A,Inactive
11375,[REDACTED],International,N/A,N/A,N/A,N/A,N/A,N/A,Inactive
11382,Girl Kissers,International,6,5,0.545,N/A,N/A,Americas,Inactive
11394,jiliboo,International,8,4,0.667,N/A,N/A,Americas,Inactive
11399,Andy's Farmers,Vietnam,13,6,0.684,N/A,N/A,Americas,Inactive
11403,CSULB Black,International,N/A,N/A,N/A,N/A,N/A,N/A,Active
11410,ET White,International,N/A,N/A,N/A,N/A,N/A,N/A,Inactive
11414,riribunobsumi,United States,16,8,0.667,16,8,Americas,Inactive
11420,Extro,International,N/A,N/A,N/A,N/A,N/A,N/A,Inactive
11421,Rat Attack,United States,14,5,0.737,N/A,N/A,Americas,Inactive
11427,DRIFT,International,N/A,N/A,N/A,N/A,N/A,N/A,Inactive
11428,Coconut Munchers,International,N/A,N/A,N/A,N/A,N/A,N/A,Inactive
11441,TN Esports,International,N/A,N/A,N/A,N/A,N/A,N/A,Inactive
11448,skoll,International,3,2,0.6,N/A,N/A,Americas,Inactive
11451,99 Strength,United States,12,6,0.667,N/A,N/A,Americas,Inactive
11455,Van Lyn,Canada,N/A,N/A,N/A,N/A,N/A,Americas,Inactive
11458,Battalion,International,N/A,N/A,N/A,N/A,N/A,N/A,Inactive
1146,GodLike Esports,India,34,19,0.642,N/A,N/A,Pacific,Inactive
11464,Happy2bHere,United States,11,4,0.733,N/A,N/A,Americas,Inactive
11468,Cosmic Chaos,International,N/A,N/A,N/A,N/A,N/A,N/A,Inactive
11476,The Nation,United States,12,4,0.75,N/A,N/A,Americas,Inactive
11478,Calamity,International,4,2,0.667,N/A,N/A,Americas,Inactive
11479,Apeks,Europe,24,2,0.923,N/A,N/A,EMEAS,Active
11480,Mammoth ESC,Australia,9,20,0.31,N/A,N/A,Pacific,Inactive
11488,ALBION,Japan,3,4,0.429,N/A,N/A,Pacific,Inactive
11490,Murash Gaming,Japan,20,20,0.5,N/A,N/A,Pacific,Active
11492,Celestials,Japan,3,2,0.6,N/A,N/A,Pacific,Inactive
11496,ALTERNATE aTTaX Ruby,Germany,48,23,0.676,48,23,GameChangers,Active
11498,Citrus e-sports,Japan,N/A,N/A,N/A,N/A,N/A,Pacific,Active
11518,Mekong Gaming,Vietnam,4,6,0.4,N/A,N/A,Pacific,Inactive
11529,Puggers,Philippines,4,5,0.444,N/A,N/A,Pacific,Inactive
11533,Cop'EM Manila,Philippines,N/A,N/A,N/A,N/A,N/A,Pacific,Inactive
11535,Athens Apollo,Philippines,N/A,N/A,N/A,N/A,N/A,Pacific,Inactive
11536,Sky Encore Esports,Philippines,5,5,0.5,N/A,N/A,Pacific,Inactive
11539,Blater,South Korea,5,4,0.556,N/A,N/A,Pacific,Active
11552,TurningMecard,South Korea,3,2,0.6,N/A,N/A,Pacific,Inactive
11559,KIDZONE,South Korea,N/A,N/A,N/A,N/A,N/A,Pacific,Inactive
11571,GameCoach Academy,South Korea,4,2,0.667,N/A,N/A,Pacific,Inactive
11575,좀비 아카데미,South Korea,N/A,N/A,N/A,N/A,N/A,Pacific,Inactive
11581,TEAM INDIGO,South Korea,4,2,0.667,N/A,N/A,Pacific,Inactive
11582,귀여운 시키모리양,South Korea,N/A,N/A,N/A,N/A,N/A,Pacific,Inactive
11585,00Nation Fem,Brazil,2,6,0.25,23,8,Americas,Inactive
11593,XOXO-01,Thailand,4,4,0.5,N/A,N/A,Pacific,Active
11602,MAD Lions,United States,92,30,0.754,N/A,N/A,Americas,Inactive
11603,BLX UTD,Europe,20,32,0.385,N/A,N/A,EMEAS,Active
11625,Vanntastic Five,International,N/A,N/A,N/A,N/A,N/A,N/A,Inactive
11626,i love valorant,International,4,2,0.667,N/A,N/A,Americas,Inactive
11630,EGO,International,N/A,N/A,N/A,N/A,N/A,N/A,Inactive
11632,UNTAMABLE BEASTS,United States,5,2,0.714,N/A,N/A,Americas,Inactive
11633,CHAOS,United States,N/A,N/A,N/A,N/A,N/A,Americas,Inactive
11648,ROSE,United States,N/A,N/A,N/A,N/A,N/A,Americas,Active
11669,Vortex,International,N/A,N/A,N/A,N/A,N/A,N/A,Inactive
11675,MVP Esports,Philippines,N/A,N/A,N/A,N/A,N/A,Pacific,Inactive
11678,RRQ Kaguya,Indonesia,85,14,0.859,85,14,Pacific,Inactive
11689,noot noot,United States,3,7,0.3,77,32,Americas,Inactive
11699,Velaris,United States,40,20,0.667,40,20,Americas,Inactive
11707,Gwangju Shadow,South Korea,30,9,0.769,N/A,N/A,Pacific,Inactive
11708,OP.GG SPORTS,South Korea,2,7,0.222,N/A,N/A,Pacific,Inactive
11709,ILLICIT,International,N/A,N/A,N/A,N/A,N/A,Americas,Active
11720,Old School Kr3w,Venezuela,3,3,0.5,N/A,N/A,Americas,Active
11727,Making It Look Easy,Mexico,6,6,0.5,N/A,N/A,Americas,Inactive
11739,True Damage Gaming,Chile,4,2,0.667,N/A,N/A,Americas,Inactive
11753,Nitrous Gaming,Peru,1,1,0.5,N/A,N/A,Americas,Inactive
11763,Sky Empire,Philippines,5,5,0.5,N/A,N/A,Pacific,Inactive
11770,jelly e amigas,Brazil,22,16,0.579,82,39,Americas,Inactive
11772,HUMMER Esports,Brazil,0,3,0.0,10,6,Americas,Inactive
11806,FreeAction,Mexico,4,1,0.8,4,1,Americas,Inactive
11811,Kunai Esports FEM,Mexico,4,1,0.8,4,1,Americas,Inactive
11835,Fantasy Gaming,Chile,4,3,0.571,N/A,N/A,Americas,Inactive
11836,Turtle Troop,United States,60,14,0.811,N/A,N/A,Americas,Inactive
1184,FUT Esports,Turkey,123,72,0.631,N/A,N/A,EMEAS,Active
11856,GnG Esports,Tunisia,12,19,0.387,N/A,N/A,EMEAS,Active
11895,Globant Emerald Team,Argentina,1,4,0.2,21,18,Americas,Inactive
11896,19esports,Mexico,8,7,0.533,N/A,N/A,Americas,Inactive
11930,UCSB Gold,United States,2,3,0.4,N/A,N/A,Americas,Active
11947,Next Gen,Australia,51,24,0.68,N/A,N/A,N/A,Inactive
11951,Team Karma,United States,15,9,0.625,N/A,N/A,Americas,Inactive
11963,Ambrosia,Canada,194,124,0.61,N/A,N/A,Americas,Active
11966,FinalFormHQ,International,3,8,0.273,N/A,N/A,N/A,Inactive
11975,Permitta eSports,Germany,11,23,0.324,N/A,N/A,N/A,Inactive
11980,Four Angry Men,China,10,16,0.385,N/A,N/A,China,Inactive
11981,Dragon Ranger Gaming,China,N/A,N/A,N/A,N/A,N/A,China,Active
11983,Kingzone,China,10,14,0.417,N/A,N/A,China,Active
11985,Rare Atom,China,30,28,0.517,N/A,N/A,China,Active
120,100 Thieves,United States,4,8,0.333,N/A,N/A,Americas,Active
12007,QoR GC,United States,10,12,0.455,N/A,N/A,Americas,Inactive
12008,Mamacita,Turkey,N/A,N/A,N/A,N/A,N/A,N/A,Active
12010,Bilibili Gaming,China,5,1,0.833,N/A,N/A,China,Active
12011,Douyu Gaming,China,12,11,0.522,N/A,N/A,China,Active
12041,Moist Moguls,United States,23,7,0.767,N/A,N/A,Americas,Inactive
12044,Jenerators,International,4,4,0.5,N/A,N/A,N/A,Inactive
12064,Nova Esports,China,14,24,0.368,N/A,N/A,China,Active
12081,Overkill Black,United States,19,10,0.655,19,10,Americas,Inactive
12097,Antic Esports,Australia,6,5,0.545,N/A,N/A,Pacific,Inactive
1211,Totoro Gaming,China,7,7,0.5,N/A,N/A,China,Inactive
12129,FaZe Clan GC,United States,6,10,0.375,28,21,Americas,Inactive
12133,Anomaly No Charms,Philippines,1,0,1.0,19,11,Pacific,Inactive
12140,bemyteam,Thailand,22,18,0.55,22,18,GameChangers,Inactive
12142,Capybara GanG,Thailand,4,4,0.5,4,4,GameChangers,Inactive
12150,Global Esports Phoenix,India,17,12,0.586,17,12,Pacific,Inactive
12151,GO Cyrene,Philippines,5,3,0.625,5,3,Pacific,Inactive
12154,Halo Freyja,Philippines,1,2,0.333,1,2,Pacific,Active
12171,Sapphire,Thailand,7,0,1.0,58,24,Pacific,Inactive
12178,THE HERO KDA,Philippines,4,2,0.667,4,2,Pacific,Inactive
12192,LOUD GC,Brazil,22,16,0.579,82,39,Americas,Active
12202,Gank Gaming,China,7,9,0.438,N/A,N/A,China,Inactive
12211,Capybara,Thailand,6,8,0.429,N/A,N/A,Pacific,Inactive
12236,FOKUS Sakura,Germany,7,9,0.438,7,9,GameChangers,Active
12239,Arcane,Indonesia,4,2,0.667,N/A,N/A,Pacific,Inactive
1224,Weibo Gaming,China,4,4,0.5,N/A,N/A,China,Active
12248,Tiger Wong Esports,Indonesia,5,4,0.556,N/A,N/A,Pacific,Inactive
12250,90 KG,Indonesia,4,3,0.571,N/A,N/A,Pacific,Inactive
12254,Aster Army,India,18,18,0.5,N/A,N/A,Pacific,Inactive
12255,Karmine Corp GC,Europe,15,15,0.5,15,15,EMEAS,Active
12256,Akroma,France,28,35,0.444,N/A,N/A,EMEAS,Active
12259,Akumu,United States,4,4,0.5,4,4,Americas,Inactive
12300,DELTA esports,Japan,N/A,N/A,N/A,N/A,N/A,Pacific,Active
12303,Next Esports,Japan,6,3,0.667,N/A,N/A,Pacific,Inactive
12319,capuwu,International,2,3,0.4,2,3,GameChangers,Inactive
12373,NerdPunt,Australia,51,24,0.68,N/A,N/A,Pacific,Inactive
12375,Looking for Sponsors,Philippines,15,24,0.385,N/A,N/A,Pacific,Inactive
12378,Boss G KDM,Philippines,N/A,N/A,N/A,N/A,N/A,Pacific,Inactive
12380,Rambutan ni Tatay,Philippines,4,6,0.4,N/A,N/A,Pacific,Inactive
12391,Team OGS,South Korea,30,9,0.769,N/A,N/A,Pacific,Inactive
12418,Never Give Up,South Korea,12,6,0.667,N/A,N/A,Pacific,Inactive
12421,Syko,Vietnam,5,5,0.5,N/A,N/A,Pacific,Inactive
12427,BTR Fanclub,United States,195,82,0.704,N/A,N/A,Americas,Inactive
12446,SLT Seongnam,South Korea,19,10,0.655,N/A,N/A,Pacific,Active
12463,Veni eSports,Germany,85,67,0.559,N/A,N/A,EMEAS,Active
12464,Disguised GC,United States,1,2,0.333,1,2,Americas,Inactive
12473,TBD,Europe,37,34,0.521,N/A,N/A,EMEAS,Inactive
12474,GoNext Esports,Europe,52,47,0.525,N/A,N/A,EMEAS,Active
12476,MAD Lions LAURË,Spain,0,1,0.0,31,13,GameChangers,Inactive
12477,Teo Teo Teo,Singapore,7,12,0.368,N/A,N/A,Pacific,Inactive
12478,Coalesce,United Kingdom,3,7,0.3,N/A,N/A,EMEAS,Active
12485,Yari Esports,Europe,3,6,0.333,N/A,N/A,EMEAS,Inactive
12489,Metizport,Europe,47,23,0.671,N/A,N/A,EMEAS,Active
12514,Solary,France,8,10,0.444,N/A,N/A,EMEAS,Active
12537,Wingman Warriors,International,N/A,N/A,N/A,N/A,N/A,N/A,Active
12538,Tempest Sky,United States,2,3,0.4,2,3,Americas,Active
12541,Yacht Club Pink,United States,1,2,0.333,1,2,Americas,Inactive
12543,having fun,International,6,4,0.6,6,4,GameChangers,Inactive
12546,Nora's Kitten Shelter,International,3,3,0.5,3,3,GameChangers,Inactive
12549,w o o p e r,International,2,3,0.4,2,3,GameChangers,Inactive
12550,Grind Time,International,1,2,0.333,1,2,GameChangers,Active
12566,NASR Ignite,Europe,1,2,0.333,45,19,EMEAS,Active
12574,NEON BLADE,Europe,1,0,1.0,10,9,EMEAS,Active
12624,KPI Shine,Europe,16,15,0.516,16,15,EMEAS,Inactive
12629,The A Team,Europe,1,0,1.0,7,10,EMEAS,Active
12644,OS CARA CEGO,Brazil,4,2,0.667,N/A,N/A,Americas,Inactive
12653,insanity,Brazil,N/A,N/A,N/A,N/A,N/A,Americas,Inactive
12668,Moist Moguls RED,United States,1,9,0.1,101,43,Americas,Inactive
12677,CBA,Europe,8,15,0.348,8,15,EMEAS,Inactive
12679,apinaorkesteri,Europe,24,19,0.558,N/A,N/A,EMEAS,Active
12685,Trace Esports,China,1,2,0.333,N/A,N/A,China,Active
12688,Zen eSports,Argentina,1,1,0.5,N/A,N/A,Americas,Active
12694,Gentle Mates,France,40,20,0.667,N/A,N/A,EMEAS,Active
12705,Team Vikings,Portugal,2,8,0.2,N/A,N/A,EMEAS,Inactive
12756,Let Us Cook,United States,N/A,N/A,N/A,N/A,N/A,Americas,Inactive
12767,FULL SENSE SAPPHIRE,Thailand,7,0,1.0,58,24,Pacific,Inactive
12769,Life's a Game,United States,7,16,0.304,N/A,N/A,Americas,Active
12774,Chosen 1s Black,United States,0,2,0.0,5,8,Americas,Inactive
12781,Last Resistance,United States,33,34,0.493,N/A,N/A,Americas,Inactive
12784,KeepBest Gaming,China,2,4,0.333,N/A,N/A,China,Active
12794,Tamaria Altunga Esports,Turkey,N/A,N/A,N/A,N/A,N/A,EMEAS,Active
12836,Aspyre x Swarm,United States,194,124,0.61,N/A,N/A,Americas,Active
12868,Imperium Gaming,Spain,N/A,N/A,N/A,N/A,N/A,EMEAS,Active
12900,Maryville University,United States,11,6,0.647,N/A,N/A,Americas,Active
12958,Sila4i,Ukraine,N/A,N/A,N/A,N/A,N/A,EMEAS,Active
13004,96 Bulls,International,N/A,N/A,N/A,N/A,N/A,Americas,Active
13035,Deviant Topaz,Singapore,16,8,0.667,16,8,GameChangers,Inactive
13043,Neons,Thailand,14,8,0.636,14,8,GameChangers,Inactive
13046,NYX Kyosei,Philippines,18,8,0.692,18,8,Pacific,Inactive
13052,Point of Authority Blossom,Indonesia,8,6,0.571,8,6,Pacific,Inactive
13067,Figure8,International,2,8,0.2,2,8,GameChangers,Active
13131,Husky Phantom X,United States,N/A,N/A,N/A,N/A,N/A,Americas,Active
13143,Why So Serious,International,3,3,0.5,N/A,N/A,Americas,Active
1316,QLASH,Italy,5,8,0.385,N/A,N/A,EMEAS,Active
13161,NOVO Esports,Italy,N/A,N/A,N/A,N/A,N/A,EMEAS,Active
13164,Chao Hui EDward Gaming,China,5,3,0.625,9,4,China,Active
13188,Moist x Shopify,United States,61,18,0.772,N/A,N/A,Americas,Active
1319,Funcrew,Australia,5,3,0.625,N/A,N/A,Pacific,Active
13202,SOMETHING2PROVE,United States,0,1,0.0,21,12,Americas,Inactive
13203,Nocturnal,International,8,6,0.571,8,6,GameChangers,Active
13217,Looking For Org 2.0,Brazil,2,3,0.4,2,3,Americas,Inactive
13224,NXT,United Kingdom,N/A,N/A,N/A,N/A,N/A,EMEAS,Active
13226,Odd 1 OUT,Europe,N/A,N/A,N/A,11,10,EMEAS,Active
13232,Dough Bros,United States,29,13,0.69,N/A,N/A,Americas,Inactive
13242,HOWL Moonlight,Turkey,2,1,0.667,2,1,GameChangers,Inactive
13255,Red Flag GC,International,4,4,0.5,4,4,GameChangers,Active
13259,Unspoken Rizz,International,2,1,0.667,2,1,GameChangers,Inactive
13260,Endure White,International,9,10,0.474,9,10,GameChangers,Active
13277,Lemonade Stand,United States,6,2,0.75,N/A,N/A,Americas,Active
13283,Archies Gifted Goldens,United States,1,2,0.333,1,2,Americas,Inactive
13284,Infinity X,United States,6,11,0.353,6,11,Americas,Active
13286,Solidarity,United States,25,14,0.641,25,14,Americas,Active
13289,Potter Posse,United States,4,7,0.364,4,7,Americas,Active
13291,BreakThru GC,United States,6,5,0.545,6,5,Americas,Inactive
13292,Van Lyn Magenta,United States,N/A,N/A,N/A,N/A,N/A,Americas,Active
13293,UW White,United States,2,3,0.4,2,3,Americas,Active
13295,Five Cell,United States,4,12,0.25,4,12,Americas,Inactive
13296,Iridescent Dreams,United States,2,5,0.286,2,5,Americas,Active
13300,$10 DM FEE,United States,3,3,0.5,3,3,Americas,Inactive
13301,YFP X,United States,3,2,0.6,3,2,Americas,Active
13303,I Got Mine White,United States,1,2,0.333,1,2,Americas,Inactive
13304,otter pops,United States,5,4,0.556,5,4,Americas,Inactive
13306,Sway GC,United States,2,5,0.286,2,5,Americas,Active
13309,NoNameRabbit,Japan,0,4,0.0,0,4,Pacific,Active
13312,ElBlast GC,Japan,1,4,0.2,1,4,Pacific,Inactive
13313,Riley Rabbits,Japan,5,4,0.556,5,4,Pacific,Inactive
13315,Soleil Gaming,Japan,0,4,0.0,0,4,Pacific,Active
13316,Supernova Galaxy,United States,29,6,0.829,29,6,Americas,Inactive
13317,CREST GAMING Stellar,Japan,5,4,0.556,5,4,Pacific,Active
13319,DetonatioN FocusMe GC,Japan,0,1,0.0,12,8,Pacific,Active
13322,GROW Gaming,Japan,1,2,0.333,1,2,Pacific,Inactive
13323,UxMi ACE,Japan,6,5,0.545,6,5,Pacific,Inactive
13324,ALBION GC,Japan,N/A,N/A,N/A,2,2,Pacific,Inactive
13342,SCYTHE NWJ,Indonesia,1,0,1.0,31,22,Pacific,Inactive
13347,RAVENOUS,International,3,3,0.5,3,3,GameChangers,Inactive
13368,Grayfox Esports,India,2,8,0.2,N/A,N/A,Pacific,Inactive
13400,Beyond Stratos Gaming GC,South Korea,3,2,0.6,3,2,Pacific,Inactive
13401,Lunatic-Hai Flax,South Korea,0,1,0.0,6,1,Pacific,Inactive
13402,Obelisk,South Korea,0,1,0.0,5,4,Pacific,Inactive
13403,Gen.G Global Academy GC,South Korea,2,3,0.4,2,3,Pacific,Inactive
13411,Predator X Gaming,United States,1,4,0.2,N/A,N/A,Americas,Active
13439,PROJECT Z,Brazil,4,5,0.444,4,5,Americas,Inactive
13453,BOTT,Indonesia,11,6,0.647,11,6,Pacific,Inactive
13454,NANA AND FRIENDS,Thailand,5,4,0.556,5,4,GameChangers,Inactive
13458,RIMA GC,Singapore,12,6,0.667,12,6,GameChangers,Active
13462,MLT Esports GC,Bangladesh,7,4,0.636,7,4,GameChangers,Inactive
13485,New Era GC,International,N/A,N/A,N/A,N/A,N/A,N/A,Active
13494,Berzerkers Night,United States,1,5,0.167,19,12,Americas,Active
13496,SCARZ GC,Japan,5,4,0.556,5,4,Pacific,Inactive
13501,Nuclear GC,South Korea,1,2,0.333,1,2,Pacific,Active
13512,CCG Esports,United States,N/A,N/A,N/A,N/A,N/A,Americas,Active
13513,VizUprising Invicta,United States,5,9,0.357,5,9,Americas,Active
13514,Ninjas In Pyjamas,China,6,6,0.5,N/A,N/A,China,Inactive
13516,Legacy GC,Brazil,2,6,0.25,23,8,Americas,Inactive
13531,DSYRE GC,Europe,0,7,0.0,0,7,EMEAS,Inactive
13551,CVA,South Korea,5,3,0.625,N/A,N/A,Pacific,Inactive
13556,17Gaming,China,3,6,0.333,N/A,N/A,China,Inactive
13558,HOWL Esports,Turkey,54,21,0.72,N/A,N/A,EMEAS,Active
13565,:3,United States,10,5,0.667,10,5,Americas,Active
13568,O2 esports,Japan,N/A,N/A,N/A,4,4,Pacific,Active
13569,DOPENESS Fluffy,Japan,2,2,0.5,2,2,Pacific,Inactive
13570,Xenesis e-sports GC,Japan,1,2,0.333,1,2,Pacific,Active
13571,TZ BLUEBEES,Japan,N/A,N/A,N/A,N/A,N/A,Pacific,Inactive
13572,REBORN ZERO FAIRY,Japan,N/A,N/A,N/A,N/A,N/A,Pacific,Active
13573,HIT gaming Chloe,Japan,2,2,0.5,2,2,Pacific,Active
13576,JDG Esports,China,3,3,0.5,N/A,N/A,China,Active
13579,Chosen Clique Gaming,China,4,2,0.667,N/A,N/A,China,Active
13581,Xi Lai Gaming,China,N/A,N/A,N/A,N/A,N/A,China,Active
13599,Cicadas Gaming,France,41,16,0.719,N/A,N/A,EMEAS,Active
13615,Father's Back,Japan,3,5,0.375,N/A,N/A,Pacific,Active
13618,Kitten Gaming<3,International,1,5,0.167,1,5,GameChangers,Active
13619,ThriveHQ GC,International,1,5,0.167,1,5,GameChangers,Active
13621,OverAchievers,International,N/A,N/A,N/A,0,3,GameChangers,Active
13623,Kinetic,United States,2,2,0.5,2,2,Americas,Active
13628,Wildflowers,International,8,7,0.533,8,7,GameChangers,Inactive
13630,GOSU,United States,11,12,0.478,11,12,Americas,Active
13633,Brasil 2002,Brazil,22,14,0.611,N/A,N/A,Americas,Inactive
13638,Sovereignty White,United States,1,4,0.2,1,4,Americas,Inactive
13650,FAMILY,Europe,16,13,0.552,N/A,N/A,EMEAS,Inactive
13659,Wingman Patrol,United States,16,8,0.667,16,8,Americas,Inactive
13663,HyperSpeed Onyx,International,N/A,N/A,N/A,N/A,N/A,Americas,Inactive
13678,There is no tomorrow,Turkey,12,10,0.545,N/A,N/A,EMEAS,Active
13683,SAGAZ,Brazil,27,14,0.659,N/A,N/A,Americas,Active
13732,Endear Sol,International,N/A,N/A,N/A,N/A,N/A,N/A,Active
13733,Harmony Opal,International,N/A,N/A,N/A,1,2,GameChangers,Active
13734,IVC White,International,0,6,0.0,0,6,GameChangers,Active
13736,42C Crayola Pack,International,1,2,0.333,1,2,GameChangers,Active
13737,FT Silvxs,United States,17,10,0.63,17,10,Americas,Active
13738,Labyrinth White,International,1,4,0.2,1,4,GameChangers,Active
13740,Reverse 7,United States,14,16,0.467,14,16,Americas,Active
13743,Team Kobolds,Mongolia,N/A,N/A,N/A,N/A,N/A,Pacific,Inactive
13754,Team NVus,Turkey,11,6,0.647,N/A,N/A,EMEAS,Inactive
13779,Siko,Netherlands,16,13,0.552,N/A,N/A,EMEAS,Active
13790,Wolves Esports,China,35,38,0.479,N/A,N/A,China,Active
13795,FTW Leça FC Esports,Portugal,10,8,0.556,N/A,N/A,EMEAS,Active
13797,Hurricane Of Feathers,Portugal,4,12,0.25,N/A,N/A,EMEAS,Active
13804,TYLOO GC,China,N/A,N/A,N/A,N/A,N/A,China,Active
13805,Chosen Clique Gaming GC,China,2,3,0.4,2,3,China,Inactive
13806,DeviLish Grin,China,N/A,N/A,N/A,N/A,N/A,China,Active
13807,Nova Esports GC,China,N/A,N/A,N/A,N/A,N/A,China,Active
13808,Attacking Soul Esports OvO,China,N/A,N/A,N/A,N/A,N/A,China,Inactive
13821,Nottingham Miedo,Argentina,15,11,0.577,N/A,N/A,Americas,Inactive
13830,RTZN,Italy,3,2,0.6,N/A,N/A,EMEAS,Active
13842,Dexterity Gaming,United States,2,4,0.333,N/A,N/A,Americas,Active
13849,Justice For Tomorrow,Australia,4,3,0.571,N/A,N/A,Pacific,Inactive
13852,Cardboard Rex,Europe,4,2,0.667,4,2,EMEAS,Inactive
13855,NYAN ESPORTS,Russia,10,7,0.588,10,7,GameChangers,Active
13920,SaD Esports,United States,73,20,0.785,N/A,N/A,Americas,Active
13977,Valhalla,Philippines,3,2,0.6,N/A,N/A,Pacific,Inactive
13978,Ivy League Gaming,Philippines,6,7,0.462,N/A,N/A,Pacific,Active
13979,special grade,United States,22,11,0.667,N/A,N/A,Americas,Inactive
13988,Raven Esports,International,N/A,N/A,N/A,N/A,N/A,Americas,Active
14,T1,South Korea,48,25,0.658,N/A,N/A,Pacific,Active
14007,Crocodile Tears,Vietnam,10,14,0.417,N/A,N/A,Pacific,Active
14076,Aquila,United States,1,6,0.143,N/A,N/A,Americas,Active
14113,NAPOLYON,Turkey,3,2,0.6,N/A,N/A,EMEAS,Active
1412,95x Esports,Australia,2,3,0.4,N/A,N/A,Pacific,Inactive
14137,Titan Esports Club,China,9,13,0.409,N/A,N/A,China,Active
14148,Valee Thai Esports,Thailand,10,14,0.417,N/A,N/A,Pacific,Inactive
14159,Wook's Academy,United States,9,9,0.5,N/A,N/A,Americas,Active
14204,KAMI TENCHI,Brazil,9,6,0.6,N/A,N/A,Americas,Inactive
14219,WASTED TALENT,International,5,6,0.455,N/A,N/A,Americas,Active
14220,THUGS,International,N/A,N/A,N/A,N/A,N/A,N/A,Active
14224,SNIPER ELITE,Australia,6,0,1.0,6,0,GameChangers,Inactive
14225,Ratz,International,4,2,0.667,4,2,GameChangers,Inactive
14226,headhunters,International,3,1,0.75,3,1,GameChangers,Inactive
14230,IPHONE13GIVEAWAY,Australia,1,0,1.0,16,5,GameChangers,Inactive
14259,Penguin Platoon,International,N/A,N/A,N/A,N/A,N/A,N/A,Active
14266,Bucky Bandits,International,2,4,0.333,N/A,N/A,Americas,Active
14267,Arkangel Esports,International,N/A,N/A,N/A,N/A,N/A,N/A,Active
14271,First Class,International,N/A,N/A,N/A,N/A,N/A,Americas,Active
14274,Ruddy,United Kingdom,5,4,0.556,N/A,N/A,EMEAS,Active
14277,Team Flash,Vietnam,15,4,0.789,N/A,N/A,Pacific,Active
14278,Shopify Rebellion,Canada,49,24,0.671,69,5,Americas,Active
14281,Arcade Esports,Australia,18,19,0.486,N/A,N/A,Pacific,Inactive
14318,DVM Esport,France,2,3,0.4,N/A,N/A,EMEAS,Active
14330,PDS Esports,Turkey,5,4,0.556,N/A,N/A,EMEAS,Inactive
14357,NEANLATIYONBOLM,Turkey,3,7,0.3,N/A,N/A,N/A,Active
14363,HSMIX,France,N/A,N/A,N/A,N/A,N/A,N/A,Inactive
14364,Six Figures,United States,15,14,0.517,N/A,N/A,Americas,Inactive
14375,RIDDLE ORDER,Japan,N/A,N/A,N/A,N/A,N/A,Pacific,Active
14382,Vexed.dev,United Kingdom,N/A,N/A,N/A,N/A,N/A,EMEAS,Active
14383,NOEZ FOXX,Japan,3,2,0.6,N/A,N/A,Pacific,Active
14419,GIANTX,Europe,18,19,0.486,N/A,N/A,EMEAS,Active
14422,Sin Prisa Gaming,South Korea,30,9,0.769,N/A,N/A,Pacific,Active
14425,FFXD,Poland,5,2,0.714,N/A,N/A,EMEAS,Inactive
14429,Chipi Chapa's,Europe,21,13,0.618,N/A,N/A,EMEAS,Active
14440,MRVZT,International,4,2,0.667,N/A,N/A,EMEAS,Active
14461,Barça eSports,Spain,20,15,0.571,N/A,N/A,EMEAS,Active
14467,SweetNsour,Europe,24,18,0.571,N/A,N/A,EMEAS,Active
14469,JiJieHao,Australia,72,25,0.742,N/A,N/A,Pacific,Active
14470,OLIMPO,Brazil,30,23,0.566,N/A,N/A,Americas,Inactive
14475,MAD Lions KOI,Spain,0,1,0.0,31,13,GameChangers,Active
14476,ELEVATE,Portugal,27,11,0.711,N/A,N/A,EMEAS,Inactive
14478,Eintracht Frankfurt,Germany,12,10,0.545,N/A,N/A,EMEAS,Active
14479,SK Gaming,Germany,11,10,0.524,N/A,N/A,EMEAS,Active
14512,Azure,Europe,0,1,0.0,32,21,EMEAS,Active
14523,Requiem,Europe,21,8,0.724,N/A,N/A,EMEAS,Active
14529,Xperion NXT,Germany,24,19,0.558,N/A,N/A,EMEAS,Active
14536,Irregulars,Germany,20,11,0.645,N/A,N/A,EMEAS,Active
14538,KOPFSHOOTAZ,Germany,5,3,0.625,N/A,N/A,EMEAS,Inactive
14545,xaprala,Brazil,N/A,N/A,N/A,N/A,N/A,Americas,Active
14547,LRNJ,Brazil,54,22,0.711,N/A,N/A,Americas,Active
14548,Carecas e Calvos,Brazil,N/A,N/A,N/A,N/A,N/A,Americas,Active
14550,Xenom com M,Brazil,N/A,N/A,N/A,N/A,N/A,Americas,Inactive
14551,Tropa do avanço,Brazil,6,3,0.667,N/A,N/A,Americas,Inactive
14557,os piticos,Brazil,5,3,0.625,N/A,N/A,Americas,Inactive
14558,Fenda Dos Streamers,Brazil,3,4,0.429,N/A,N/A,Americas,Inactive
14565,SHERPA,South Korea,10,12,0.455,N/A,N/A,Pacific,Inactive
14566,fOu Clan,South Korea,3,2,0.6,N/A,N/A,Pacific,Inactive
14576,ReliaNcE,South Korea,3,2,0.6,N/A,N/A,Pacific,Inactive
1458,The Ultimates,Saudi Arabia,3,3,0.5,N/A,N/A,EMEAS,Active
14581,골판지 전사,South Korea,4,1,0.8,N/A,N/A,Pacific,Inactive
14590,LFG Portal,South Korea,13,9,0.591,N/A,N/A,Pacific,Inactive
14599,IAM,South Korea,12,11,0.522,N/A,N/A,Pacific,Active
14602,ReturN,South Korea,3,2,0.6,N/A,N/A,Pacific,Active
14604,Van Dijk Fan Club,India,4,7,0.364,N/A,N/A,Pacific,Inactive
14613,Zerance Mint,France,19,8,0.704,19,8,GameChangers,Active
14614,HGE Esport,Italy,4,5,0.444,N/A,N/A,EMEAS,Active
14616,Barn nong chok,Thailand,7,6,0.538,N/A,N/A,Pacific,Active
14634,PEI WAN E-SPORTS,Taiwan,2,1,0.667,N/A,N/A,Pacific,Inactive
14636,yuanyoyin,Taiwan,3,8,0.273,N/A,N/A,Pacific,Active
14647,SAIDEIRA ESPORTS,Brazil,13,18,0.419,N/A,N/A,Americas,Active
14650,black hole sun,Brazil,N/A,N/A,N/A,N/A,N/A,Americas,Active
14655,Orquestra do Maestro,Brazil,15,16,0.484,N/A,N/A,Americas,Inactive
14660,Burgerville,United States,13,7,0.65,N/A,N/A,Americas,Inactive
14661,the basement,United States,10,7,0.588,N/A,N/A,Americas,Inactive
14662,1337,United States,19,24,0.442,N/A,N/A,Americas,Inactive
14663,Cookin Papas,United States,9,8,0.529,N/A,N/A,Americas,Inactive
14665,RABILIS BURST,Japan,3,2,0.6,N/A,N/A,Pacific,Active
14671,NTPOJA,Japan,2,4,0.333,N/A,N/A,Pacific,Active
14675,VITE,Japan,N/A,N/A,N/A,N/A,N/A,Pacific,Inactive
14677,esports team αD,Japan,5,6,0.455,N/A,N/A,Pacific,Active
14688,Xu Gang,International,4,1,0.8,N/A,N/A,Pacific,Inactive
14689,Peace And Love,Australia,6,0,1.0,N/A,N/A,Pacific,Active
1470,NASR Esports,Europe,4,7,0.364,N/A,N/A,EMEAS,Active
1471,Team RA'AD,Egypt,7,7,0.5,N/A,N/A,EMEAS,Active
14711,Geek Fam,Philippines,15,24,0.385,N/A,N/A,Pacific,Active
14712,Loafing Cats,United States,7,8,0.467,7,8,Americas,Active
14714,Bumble Bees,International,16,13,0.552,16,13,GameChangers,Active
14716,SaD GC,United States,1,2,0.333,1,2,Americas,Inactive
14717,pookie nation,United States,0,4,0.0,0,4,Americas,Active
14718,Passion Project,United States,10,1,0.909,10,1,Americas,Inactive
14719,Blahaj Huggers,United States,2,6,0.25,2,6,Americas,Active
14720,HyperSpeed Ruby,United States,4,4,0.5,4,4,Americas,Inactive
14721,AST Luminescent,United States,2,6,0.25,2,6,Americas,Active
14722,mesos millionaires,United States,3,1,0.75,3,1,Americas,Active
14723,UWaterloo White,United States,2,4,0.333,2,4,Americas,Active
14724,Paw Pals,United States,6,2,0.75,6,2,Americas,Inactive
14727,unpaid dogs,United States,6,2,0.75,6,2,Americas,Active
14729,fish with no eye,United States,0,13,0.0,0,13,Americas,Active
14732,Tussin Purple,United States,N/A,N/A,N/A,N/A,N/A,Americas,Active
14735,The Boys,United States,6,4,0.6,6,4,Americas,Active
14737,VALIANT GC,France,17,13,0.567,17,13,GameChangers,Active
14740,5 Clown,Indonesia,4,10,0.286,N/A,N/A,Pacific,Active
14752,MABUHAY,Indonesia,46,37,0.554,N/A,N/A,Pacific,Inactive
14754,THE HERO,Indonesia,4,0,1.0,N/A,N/A,Pacific,Inactive
14761,Alternate Realities,India,6,7,0.462,N/A,N/A,Pacific,Active
14773,Disguised,Singapore,7,1,0.875,N/A,N/A,Pacific,Active
14790,Reve Drift Arena,Malaysia,N/A,N/A,N/A,N/A,N/A,N/A,Inactive
14799,Please Don't Fire,Singapore,13,14,0.481,N/A,N/A,Pacific,Inactive
14802,Redsea Esport,Malaysia,4,7,0.364,N/A,N/A,Pacific,Active
14805,ORGLESS,Singapore,7,2,0.778,N/A,N/A,Pacific,Inactive
14809,Ninjas in Galaxy,Singapore,6,2,0.75,N/A,N/A,Pacific,Active
14811,ENDER,Singapore,9,4,0.692,N/A,N/A,Pacific,Inactive
14818,Serenity Esports,Singapore,N/A,N/A,N/A,N/A,N/A,Pacific,Active
14819,Carnival Gaming,India,4,7,0.364,N/A,N/A,Pacific,Inactive
14820,the process,International,10,8,0.556,N/A,N/A,Americas,Active
14822,Thinking Men,United States,21,4,0.84,N/A,N/A,Americas,Inactive
14824,boomertin,International,4,4,0.5,N/A,N/A,Americas,Active
14825,Lucky 7,United States,12,5,0.706,N/A,N/A,Americas,Inactive
14826,Ions Day Care,United States,99,33,0.75,N/A,N/A,Americas,Inactive
14828,Retake Mid,International,3,3,0.5,N/A,N/A,Americas,Inactive
14829,RyZe Esports,United States,16,14,0.533,N/A,N/A,Americas,Inactive
14830,Refugee Camp,International,4,4,0.5,N/A,N/A,Americas,Active
14832,diversity,International,2,4,0.333,N/A,N/A,Americas,Active
14833,Blue Rose,International,3,4,0.429,N/A,N/A,Americas,Active
14835,goodfellas,International,1,4,0.2,N/A,N/A,Americas,Active
14837,sussy players,International,2,4,0.333,N/A,N/A,Americas,Inactive
14838,1T,United States,1,4,0.2,N/A,N/A,Americas,Active
14840,CRWNZ,United States,N/A,N/A,N/A,N/A,N/A,Americas,Active
14841,scoobydoomix,Turkey,24,12,0.667,24,12,GameChangers,Inactive
14842,Evoza GC,Europe,4,2,0.667,4,2,EMEAS,Inactive
14934,fuVi,Turkey,38,22,0.633,38,22,EMEAS,Inactive
14941,XSOUL,Chile,9,9,0.5,N/A,N/A,Americas,Active
14958,University War GC,Chile,17,13,0.567,17,13,GameChangers,Active
14960,Shifty505,United States,3,3,0.5,N/A,N/A,Americas,Inactive
14964,Putting In Time,International,N/A,N/A,N/A,N/A,N/A,N/A,Active
14968,Kosame,International,N/A,N/A,N/A,N/A,N/A,N/A,Active
14969,Archie Dynamite Dalmatians,International,N/A,N/A,N/A,N/A,N/A,N/A,Active
14970,Full Tilt Esports,International,N/A,N/A,N/A,N/A,N/A,N/A,Active
14977,Reign Above,United States,3,7,0.3,N/A,N/A,Americas,Active
14978,Krunker Demons,International,N/A,N/A,N/A,N/A,N/A,N/A,Active
14983,We Live,International,N/A,N/A,N/A,N/A,N/A,N/A,Active
14984,MidnightSun_Gold,International,N/A,N/A,N/A,N/A,N/A,N/A,Active
14990,4nem,International,3,2,0.6,N/A,N/A,Americas,Inactive
14993,Luxoria,United States,1,4,0.2,N/A,N/A,Americas,Active
14994,les piments,Canada,3,3,0.5,N/A,N/A,Americas,Inactive
14997,F5 Esports,United States,N/A,N/A,N/A,N/A,N/A,Americas,Active
15000,AWAKEN,United States,N/A,N/A,N/A,N/A,N/A,Americas,Inactive
15002,Don't be Weird,International,N/A,N/A,N/A,N/A,N/A,N/A,Active
15003,Out the mud,International,2,3,0.4,N/A,N/A,Americas,Active
15006,How Did We Get Here,International,N/A,N/A,N/A,N/A,N/A,N/A,Active
15007,Team Ballistic,United States,N/A,N/A,N/A,N/A,N/A,Americas,Active
15009,Falke Esports,Europe,16,15,0.516,N/A,N/A,EMEAS,Active
15010,Monaco Esports,Europe,16,13,0.552,N/A,N/A,EMEAS,Inactive
15011,Together We Are Terrific,United States,19,10,0.655,N/A,N/A,Americas,Inactive
15015,KOBIET,Vietnam,6,8,0.429,N/A,N/A,Pacific,Inactive
15016,Tàn Dư Esports,Vietnam,8,7,0.533,N/A,N/A,Pacific,Inactive
15017,Cyberking Esports,Vietnam,4,6,0.4,N/A,N/A,Pacific,Inactive
15021,Legacy,Brazil,50,27,0.649,N/A,N/A,Americas,Active
15027,FULL BOX 200,Poland,5,6,0.455,N/A,N/A,EMEAS,Inactive
15030,Getting Info,United States,3,2,0.6,3,2,Americas,Active
15031,Kirbee Squad,United States,10,6,0.625,10,6,Americas,Active
15032,Silly Waffle,United States,2,2,0.5,2,2,Americas,Active
15034,Van Lyn Frost,United States,5,4,0.556,5,4,Americas,Active
15035,Weeping Angels,United States,N/A,N/A,N/A,N/A,N/A,Americas,Active
15036,UCLA Esports GC,United States,N/A,N/A,N/A,N/A,N/A,Americas,Active
15038,Glass Ceiling,United States,3,2,0.6,3,2,Americas,Active
15039,RyZe Eclipsa GC,United States,6,10,0.375,6,10,Americas,Active
15040,UltraLight Team 3,United States,1,2,0.333,1,2,Americas,Active
15047,smart fellas,United States,2,2,0.5,2,2,Americas,Active
15052,JustUs,Philippines,15,13,0.536,N/A,N/A,Pacific,Active
15054,TheBAIS,Philippines,20,13,0.606,N/A,N/A,Pacific,Inactive
15058,OLD STINKY CAT,Philippines,33,27,0.55,N/A,N/A,Pacific,Active
15061,BNB,Philippines,7,4,0.636,N/A,N/A,Pacific,Inactive
15065,Carti Esports,Philippines,6,5,0.545,N/A,N/A,Pacific,Inactive
15072,2Game Esports,Brazil,26,13,0.667,N/A,N/A,Americas,Active
15073,CO-OP.gg,Brazil,6,3,0.667,N/A,N/A,Americas,Inactive
15074,XLD Gaming,Brazil,15,16,0.484,N/A,N/A,Americas,Active
15077,Mookah Rabbits,International,18,17,0.514,N/A,N/A,Americas,Inactive
15080,Crime City,United States,4,2,0.667,N/A,N/A,Americas,Inactive
15082,Astro Esports,United States,N/A,N/A,N/A,N/A,N/A,Americas,Active
15085,Gaming club,United States,N/A,N/A,N/A,N/A,N/A,Americas,Active
15086,6IX Shootas,United States,N/A,N/A,N/A,N/A,N/A,Americas,Active
15087,Truly Humble Under God,United States,N/A,N/A,N/A,N/A,N/A,Americas,Active
15091,The Mandem,United States,N/A,N/A,N/A,N/A,N/A,Americas,Active
15092,Van Lyn Black,United States,1,1,0.5,N/A,N/A,Americas,Inactive
15093,Symphonies,United States,N/A,N/A,N/A,N/A,N/A,Americas,Active
15094,Pound Town,United States,N/A,N/A,N/A,N/A,N/A,Americas,Active
15100,Death be Happen,United States,N/A,N/A,N/A,N/A,N/A,Americas,Active
15103,Fisher Rising,United States,N/A,N/A,N/A,N/A,N/A,Americas,Active
15105,Thoti's Golden Children,United States,N/A,N/A,N/A,N/A,N/A,Americas,Active
15107,The Anime Squad,United States,N/A,N/A,N/A,N/A,N/A,Americas,Active
15112,Neglected,United States,N/A,N/A,N/A,N/A,N/A,Americas,Active
15117,Hero Base,Brazil,72,26,0.735,N/A,N/A,Americas,Active
15119,GIANTX GC,Turkey,24,12,0.667,24,12,GameChangers,Active
15120,R8 Esports,Saudi Arabia,29,11,0.725,N/A,N/A,EMEAS,Active
15128,K7 Esports,International,4,2,0.667,4,2,GameChangers,Active
15133,Bon Bon Bum,Mexico,2,2,0.5,2,2,Americas,Active
15136,Barcelona Sporting X,Ecuador,23,16,0.59,23,16,GameChangers,Inactive
15137,New Combat Line GC,Colombia,0,2,0.0,0,2,GameChangers,Active
15138,KS Hunters,International,50,26,0.658,50,26,GameChangers,Active
15139,MYVRA,International,14,10,0.583,14,10,GameChangers,Active
15141,Deagle Ravagers,Chile,22,15,0.595,22,15,GameChangers,Active
15153,Zen eSports GC,Chile,4,1,0.8,4,1,GameChangers,Active
15155,Bakim Corp,France,15,5,0.75,N/A,N/A,EMEAS,Inactive
15156,Vision Esports,Saudi Arabia,31,37,0.456,N/A,N/A,EMEAS,Active
15176,1st MegaSaver,Philippines,20,13,0.606,N/A,N/A,Pacific,Inactive
15184,Cherry Bomb,United States,4,4,0.5,4,4,Americas,Active
15197,iPGN,Australia,23,22,0.511,N/A,N/A,Pacific,Active
15208,EDGE,Australia,N/A,N/A,N/A,N/A,N/A,Pacific,Active
15216,Rub n' Pug,Australia,N/A,N/A,N/A,N/A,N/A,Pacific,Active
15221,Corn Dawgs,International,N/A,N/A,N/A,N/A,N/A,N/A,Inactive
15227,After Life Esports,Australia,6,10,0.375,N/A,N/A,Pacific,Active
15247,wows little pugstars,United States,N/A,N/A,N/A,N/A,N/A,Americas,Inactive
15253,FOCUSGG,Australia,33,17,0.66,N/A,N/A,Pacific,Active
15274,TBS GC,Brazil,0,3,0.0,0,3,Americas,Active
15277,Team Leveling,Brazil,13,13,0.5,N/A,N/A,Americas,Active
15280,DREAMMAX,Brazil,3,5,0.375,N/A,N/A,Americas,Active
15281,donas da bala,Brazil,3,5,0.375,N/A,N/A,Americas,Active
15284,revoada,Brazil,N/A,N/A,N/A,N/A,N/A,Americas,Active
15289,Arena Internet Cafe,Australia,51,24,0.68,N/A,N/A,Pacific,Active
15312,Reformed GC,United States,32,11,0.744,32,11,Americas,Inactive
15317,Xipto Esports,Philippines,54,2,0.964,54,2,Pacific,Active
15319,4Fun,Philippines,N/A,N/A,N/A,8,5,Pacific,Active
15322,AURA DIFFERENTIAL,International,N/A,N/A,N/A,N/A,N/A,N/A,Inactive
15323,Baby Poko,Thailand,7,5,0.583,7,5,GameChangers,Active
15327,BOBA,International,13,7,0.65,13,7,GameChangers,Active
15331,Dangerous Rose,Thailand,4,2,0.667,4,2,GameChangers,Active
15342,LILITH,Thailand,N/A,N/A,N/A,5,4,GameChangers,Active
15343,Mommy's Kittens,Singapore,13,7,0.65,13,7,GameChangers,Inactive
15344,Money First,Thailand,7,0,1.0,58,24,Pacific,Inactive
15361,Reseda OKAMI,International,10,14,0.417,10,14,GameChangers,Active
15369,Vandals,International,N/A,N/A,N/A,N/A,N/A,N/A,Inactive
15371,Xinh Gai Tay To,Vietnam,5,5,0.5,5,5,Pacific,Active
15372,Glass Girls,International,3,3,0.5,3,3,GameChangers,Active
15386,LONETEAM,Italy,N/A,N/A,N/A,N/A,N/A,EMEAS,Active
15389,Hexagon,Bangladesh,N/A,N/A,N/A,N/A,N/A,N/A,Active
15390,Asmodeus Colosseum GC,India,N/A,N/A,N/A,N/A,N/A,N/A,Active
15391,Team Celestials,International,N/A,N/A,N/A,N/A,N/A,N/A,Active
15393,9to5 workers,India,2,1,0.667,2,1,GameChangers,Active
15403,OK Gaming,International,N/A,N/A,N/A,N/A,N/A,N/A,Inactive
15407,ROYAL ONSLAUGHT GAMING,International,0,2,0.0,0,2,GameChangers,Inactive
15411,Reformed Team,Chile,4,1,0.8,4,1,GameChangers,Inactive
15442,Solstice,United States,25,6,0.806,25,6,Americas,Inactive
15458,Cyber Geek,Japan,6,4,0.6,6,4,Pacific,Active
15459,Meteor,Japan,6,5,0.545,6,5,Pacific,Active
15605,delman,Poland,N/A,N/A,N/A,N/A,N/A,N/A,Active
15606,FLUFFY AIMERS,United States,19,10,0.655,N/A,N/A,Americas,Active
15607,YIPPEE,Australia,N/A,N/A,N/A,N/A,N/A,N/A,Inactive
15609,Misses Worldwide,Australia,7,7,0.5,7,7,GameChangers,Active
15611,Balut Warriors,Australia,6,4,0.6,6,4,GameChangers,Active
15614,raindrops,Australia,16,5,0.762,16,5,GameChangers,Active
15615,VLG X,Australia,2,7,0.222,2,7,GameChangers,Active
15616,K10,Australia,1,1,0.5,3,5,GameChangers,Active
15617,Los Bandidos,Portugal,N/A,N/A,N/A,N/A,N/A,N/A,Active
15622,POLARITY,Mexico,7,5,0.583,N/A,N/A,Americas,Inactive
15625,ContraxScrub,Colombia,N/A,N/A,N/A,N/A,N/A,N/A,Active
15646,Termina Enjoyers,Italy,N/A,N/A,N/A,N/A,N/A,N/A,Inactive
15654,THE HERO DETA,Indonesia,4,0,1.0,N/A,N/A,Pacific,Active
15682,DIS Esports,Indonesia,2,7,0.222,N/A,N/A,Pacific,Active
15684,Da Feng Gou,International,4,7,0.364,N/A,N/A,Pacific,Active
15689,The Zoo,India,N/A,N/A,N/A,N/A,N/A,N/A,Active
15706,DXA Esports GC,Australia,9,5,0.643,9,5,GameChangers,Active
15707,Permitta Unicorns,Germany,33,23,0.589,N/A,N/A,EMEAS,Active
15708,OXEN GC,International,0,2,0.0,0,2,GameChangers,Inactive
15710,Astro World,Philippines,20,13,0.606,N/A,N/A,Pacific,Inactive
15712,Rank El Cuties,Philippines,4,6,0.4,N/A,N/A,Pacific,Active
15713,Santa Gang,Thailand,3,4,0.429,N/A,N/A,Pacific,Active
15717,PIXEL,South Korea,N/A,N/A,N/A,N/A,N/A,Pacific,Inactive
15718,Mir Gaming GC,South Korea,11,1,0.917,11,1,Pacific,Active
15720,Special TiGers GC,South Korea,N/A,N/A,N/A,N/A,N/A,Pacific,Inactive
15742,mix9,Argentina,15,11,0.577,N/A,N/A,Americas,Inactive
15743,TP REVEN,Mexico,7,5,0.583,N/A,N/A,Americas,Active
15744,FearX,South Korea,13,9,0.591,N/A,N/A,Pacific,Active
15745,THE 7,Brazil,30,23,0.566,N/A,N/A,Americas,Active
15746,VEC DAEJEON,South Korea,10,12,0.455,N/A,N/A,Pacific,Active
15747,SUPERFECT Esports,South Korea,3,6,0.333,N/A,N/A,Pacific,Active
15749,HEROIC Valkyries,Europe,2,1,0.667,12,16,EMEAS,Active
15763,PPP,Portugal,27,11,0.711,N/A,N/A,EMEAS,Active
15782,ELEVATE,Singapore,7,2,0.778,N/A,N/A,Pacific,Inactive
15788,PAPA ESPORTS,Taiwan,2,1,0.667,N/A,N/A,Pacific,Active
15793,Avernus Esports,Philippines,N/A,N/A,N/A,N/A,N/A,Pacific,Inactive
15796,floppers,United States,5,5,0.5,35,12,Americas,Active
15806,Unicorn Cyber Esports,Vietnam,6,8,0.429,N/A,N/A,Pacific,Active
15840,Carti World,Philippines,20,13,0.606,N/A,N/A,Pacific,Active
15869,paprica picante,Brazil,1,3,0.25,1,3,Americas,Active
15870,PS5PATAS,Brazil,N/A,N/A,N/A,2,2,Americas,Active
15872,ZY Gaming,China,N/A,N/A,N/A,N/A,N/A,China,Active
15873,Scissor Sisters,Australia,5,4,0.556,5,4,GameChangers,Active
15875,VIXENS,Australia,6,5,0.545,6,5,GameChangers,Active
15876,Evergarden GC,Australia,0,1,0.0,8,8,GameChangers,Active
15878,polar bear,Australia,3,5,0.375,3,5,GameChangers,Active
15880,swaglord9000,Australia,1,0,1.0,10,2,GameChangers,Active
15886,Gang Gang,India,N/A,N/A,N/A,N/A,N/A,N/A,Active
15889,Xtreme Gaming,China,N/A,N/A,N/A,N/A,N/A,China,Active
15893,Ambitious Legend Gaming,China,2,4,0.333,N/A,N/A,China,Active
15895,Avernus Esports GC,Philippines,6,5,0.545,6,5,Pacific,Active
15899,Cardboard Dinosaur,Singapore,13,7,0.65,13,7,GameChangers,Active
15911,invincible gc,Thailand,9,2,0.818,9,2,GameChangers,Active
15913,LILAX,Thailand,6,5,0.545,6,5,GameChangers,Active
1594,Team Majesty,Egypt,34,18,0.654,N/A,N/A,EMEAS,Active
16040,sisu,Philippines,N/A,N/A,N/A,N/A,N/A,Pacific,Active
16041,URACHACHA,South Korea,6,4,0.6,N/A,N/A,Pacific,Active
16044,Purr-fectionists,International,3,2,0.6,N/A,N/A,N/A,Active
16045,Penguin Party,Australia,16,5,0.762,N/A,N/A,N/A,Active
16137,SGA Incheon,South Korea,3,4,0.429,N/A,N/A,Pacific,Active
16142,United Gaming,Kuwait,47,25,0.653,N/A,N/A,N/A,Active
16173,VCL REJECTS 2.0,Europe,N/A,N/A,N/A,N/A,N/A,EMEAS,Active
16174,genziary,Europe,N/A,N/A,N/A,N/A,N/A,EMEAS,Active
17,Gen.G,South Korea,113,60,0.653,N/A,N/A,Pacific,Active
1791,FTW Esports,Portugal,53,35,0.602,N/A,N/A,N/A,Inactive
1837,Attacking Soul Esports,China,60,69,0.465,N/A,N/A,China,Inactive
188,Cloud9,United States,150,68,0.688,N/A,N/A,Americas,Active
1925,Subversive,Philippines,0,12,0.0,N/A,N/A,Pacific,Active
1927,Bestial,Philippines,3,5,0.375,N/A,N/A,Pacific,Active
1981,Dark Passage,Turkey,8,6,0.571,N/A,N/A,EMEAS,Inactive
2,Sentinels,United States,112,37,0.752,N/A,N/A,Americas,Active
2059,Team Vitality,Europe,57,22,0.722,N/A,N/A,EMEAS,Active
2108,BLUE BEES.ESP,Japan,10,6,0.625,N/A,N/A,Pacific,Active
2112,X10 Esports,Singapore,81,29,0.736,N/A,N/A,Pacific,Inactive
2131,Chivas Esports,Mexico,N/A,N/A,N/A,N/A,N/A,Americas,Active
2290,Gamax Esports,Egypt,8,15,0.348,N/A,N/A,EMEAS,Active
2304,Giants Gaming,Europe,76,24,0.76,N/A,N/A,EMEAS,Inactive
2348,VIRTUOSO,United States,167,97,0.633,N/A,N/A,Americas,Inactive
2350,Soniqs,United States,180,68,0.726,N/A,N/A,Americas,Inactive
2354,Optix,Chile,46,45,0.505,N/A,N/A,Americas,Inactive
2355,KRÜ Esports,Argentina,62,22,0.738,N/A,N/A,Americas,Active
2359,LEVIATÁN,Chile,7,12,0.368,N/A,N/A,Americas,Active
2362,Skull Cracker,Dominican Republic,8,9,0.471,N/A,N/A,Americas,Inactive
2406,FURIA,Brazil,57,46,0.553,N/A,N/A,Americas,Active
2408,HEET,Europe,N/A,N/A,N/A,N/A,N/A,EMEAS,Inactive
2499,Movistar Riders,Spain,24,17,0.585,N/A,N/A,EMEAS,Inactive
2532,Louvre,Singapore,43,23,0.652,N/A,N/A,Pacific,Inactive
2554,World Game Star,South Korea,34,25,0.576,N/A,N/A,Pacific,Active
2593,FNATIC,Europe,120,41,0.745,N/A,N/A,EMEAS,Active
2755,SAW,Portugal,N/A,N/A,N/A,N/A,N/A,EMEAS,Inactive
277,Crazy Raccoon,Japan,N/A,N/A,N/A,N/A,N/A,Pacific,Inactive
278,DetonatioN FocusMe,Japan,20,19,0.513,N/A,N/A,Pacific,Active
2814,Bigetron Arctic,Indonesia,56,30,0.651,N/A,N/A,Pacific,Active
282,SCARZ,Japan,45,26,0.634,N/A,N/A,Pacific,Active
283,Sengoku Gaming,Japan,N/A,N/A,N/A,N/A,N/A,Pacific,Active
2908,Thunderbolts Gaming,Turkey,50,52,0.49,N/A,N/A,EMEAS,Inactive
2917,Enigma Gaming,Singapore,63,48,0.568,N/A,N/A,Pacific,Inactive
2934,FENNEL,Japan,22,8,0.733,N/A,N/A,Pacific,Active
294,CREST GAMING Zst,Japan,4,15,0.211,N/A,N/A,Pacific,Active
2988,NORTHEPTION,Japan,30,10,0.75,N/A,N/A,Pacific,Active
3107,Griffin E-Sports,Hong Kong,21,17,0.553,N/A,N/A,Pacific,Inactive
3108,Oblivion Force,Hong Kong,N/A,N/A,N/A,N/A,N/A,Pacific,Active
3136,Oasis Gaming,Philippines,7,9,0.438,N/A,N/A,Pacific,Active
3179,Anti Eco Eco Club,Hong Kong,14,5,0.737,N/A,N/A,Pacific,Inactive
3180,Ghost CommandoS,Taiwan,N/A,N/A,N/A,N/A,N/A,Pacific,Inactive
3322,Border Monsters,Colombia,N/A,N/A,N/A,N/A,N/A,Americas,Active
3337,BASILISK,United States,72,45,0.615,N/A,N/A,Americas,Inactive
3347,Angry Titans,Germany,35,24,0.593,N/A,N/A,EMEAS,Inactive
3351,LaZe,Singapore,N/A,N/A,N/A,N/A,N/A,Pacific,Active
337,FaZe Clan,United States,55,30,0.647,N/A,N/A,Americas,Inactive
3437,Dewa United Esports,Indonesia,4,3,0.571,N/A,N/A,Pacific,Inactive
3478,PCIFIC Espor,Turkey,4,5,0.444,N/A,N/A,EMEAS,Active
3490,LP33,Taiwan,23,26,0.469,N/A,N/A,Pacific,Inactive
3531,Acend,Europe,78,21,0.788,N/A,N/A,EMEAS,Inactive
3545,CLG Red,United States,3,25,0.107,53,25,Americas,Inactive
361,Furious Gaming,Argentina,45,30,0.6,N/A,N/A,Americas,Active
362,Rebirth Esports,Chile,N/A,N/A,N/A,N/A,N/A,Americas,Active
363,INFINITY,Chile,1,4,0.2,N/A,N/A,Americas,Inactive
364,All Knights,Argentina,36,20,0.643,N/A,N/A,Americas,Active
367,9z Team,Argentina,40,32,0.556,N/A,N/A,Americas,Inactive
3748,Team Reckaroo,United States,71,82,0.464,N/A,N/A,Americas,Inactive
377,bonk,Europe,67,26,0.72,N/A,N/A,EMEAS,Inactive
3782,Voyager Esports,United States,4,7,0.364,N/A,N/A,Americas,Active
3895,Macko Esports,Italy,10,8,0.556,N/A,N/A,EMEAS,Inactive
3945,Rio Company,South Korea,N/A,N/A,N/A,N/A,N/A,Pacific,Inactive
397,BBL Esports,Turkey,74,53,0.583,N/A,N/A,EMEAS,Active
4050,FULL SENSE,Thailand,2,5,0.286,N/A,N/A,Pacific,Active
4073,Bandit ESC,Australia,3,10,0.231,N/A,N/A,Pacific,Inactive
4094,Six Karma,Mexico,3,6,0.333,N/A,N/A,Americas,Active
4141,WLGaming Esports,Italy,18,24,0.429,N/A,N/A,EMEAS,Active
4173,Ovation eSports,Europe,55,43,0.561,N/A,N/A,EMEAS,Active
4210,Made in Thailand,Thailand,7,3,0.7,N/A,N/A,Pacific,Active
4260,afterMath Esports,United States,10,18,0.357,N/A,N/A,Americas,Active
4315,Squirtle Squad,United States,10,4,0.714,N/A,N/A,Americas,Inactive
4317,Event Horizon,International,N/A,N/A,N/A,N/A,N/A,Americas,Active
4330,Fancy United Esports,Vietnam,100,54,0.649,N/A,N/A,Pacific,Active
4346,DarkZero Esports,United States,60,30,0.667,N/A,N/A,Americas,Inactive
4388,Cosmic Divide,United States,21,13,0.618,N/A,N/A,Americas,Inactive
4396,Regnum Carya Esports,Turkey,N/A,N/A,N/A,N/A,N/A,EMEAS,Active
4460,Number One Player,China,18,45,0.286,N/A,N/A,China,Inactive
4462,Shenzhen NTER,China,14,14,0.5,N/A,N/A,China,Inactive
4475,Gen.G Black,United States,3,14,0.176,54,21,Americas,Inactive
4519,PURPURE,Europe,16,11,0.593,N/A,N/A,EMEAS,Inactive
4538,Team Queso,Spain,21,31,0.404,N/A,N/A,EMEAS,Inactive
4567,Papara SuperMassive,Turkey,16,9,0.64,N/A,N/A,EMEAS,Active
4569,Fraggerz,United Arab Emirates,9,4,0.692,N/A,N/A,EMEAS,Active
4572,Galatasaray Esports,Turkey,65,66,0.496,N/A,N/A,EMEAS,Active
4616,UCAM Esports Club,Europe,1,4,0.2,N/A,N/A,EMEAS,Active
466,BOOM Esports,Indonesia,137,61,0.692,N/A,N/A,Pacific,Active
4669,Digital Athletics,Turkey,N/A,N/A,N/A,N/A,N/A,EMEAS,Active
4671,EGN Esports,Portugal,N/A,N/A,N/A,N/A,N/A,EMEAS,Active
4680,Team 69,India,20,30,0.4,N/A,N/A,Pacific,Active
4683,Invincible Gaming,China,N/A,N/A,N/A,N/A,N/A,China,Active
4685,Team Occupy,Egypt,3,3,0.5,N/A,N/A,EMEAS,Active
4686,Fire Flux Esports,Turkey,58,32,0.644,N/A,N/A,EMEAS,Active
4733,True Rippers,India,47,49,0.49,N/A,N/A,Pacific,Active
474,Team Liquid,Europe,92,39,0.702,N/A,N/A,EMEAS,Active
4762,Galakticos,Turkey,4,3,0.571,N/A,N/A,EMEAS,Active
4782,Cyber Wolves Esports,Europe,N/A,N/A,N/A,N/A,N/A,EMEAS,Inactive
4816,GenZ,United States,N/A,N/A,N/A,N/A,N/A,Americas,Inactive
4834,Eternals Gaming,Chile,1,8,0.111,N/A,N/A,Americas,Inactive
4837,Shopify Rebellion GC,United States,16,42,0.276,85,28,Americas,Inactive
4860,Dominus Esports,Vietnam,2,5,0.286,N/A,N/A,Pacific,Active
4893,Cynical,Indonesia,N/A,N/A,N/A,N/A,N/A,Pacific,Active
4894,Keyd Stars,Brazil,16,6,0.727,N/A,N/A,Americas,Inactive
4915,Natus Vincere,Europe,38,25,0.603,N/A,N/A,EMEAS,Active
4920,Moon Raccoons Black,United States,6,7,0.462,6,7,Americas,Inactive
4958,ODDIK,Brazil,9,5,0.643,N/A,N/A,Americas,Inactive
497,Attack All Around,Thailand,76,47,0.618,N/A,N/A,Pacific,Inactive
4993,FW Esports,Thailand,28,24,0.538,N/A,N/A,Pacific,Inactive
5038,YFP Gaming,United States,2,4,0.333,N/A,N/A,Americas,Active
5091,RIZON,Germany,7,17,0.292,N/A,N/A,EMEAS,Active
516,FAV gaming,Japan,36,15,0.706,N/A,N/A,Pacific,Active
5214,CGN Esports,Germany,10,5,0.667,N/A,N/A,EMEAS,Active
5248,Evil Geniuses,United States,19,13,0.594,N/A,N/A,Americas,Active
5253,Scaroo's,Indonesia,N/A,N/A,N/A,N/A,N/A,Pacific,Inactive
5310,Fenerbahçe Esports,Turkey,12,8,0.6,N/A,N/A,EMEAS,Active
5366,Action PH,Philippines,7,4,0.636,N/A,N/A,Pacific,Inactive
5373,PWYH,Indonesia,N/A,N/A,N/A,N/A,N/A,Pacific,Inactive
5426,The Infinity Esport,Thailand,6,8,0.429,N/A,N/A,Pacific,Active
5441,Anonymo Esports,Poland,31,27,0.534,N/A,N/A,EMEAS,Inactive
5448,ZETA DIVISION,Japan,63,10,0.863,N/A,N/A,Pacific,Active
5455,Lethal Esports,India,N/A,N/A,N/A,N/A,N/A,Pacific,Inactive
5523,BIGG SCYTHE,Indonesia,3,0,1.0,11,8,Pacific,Inactive
5601,Nightblood Gaming,United States,N/A,N/A,N/A,N/A,N/A,Americas,Active
5644,Panthers Esports,Portugal,N/A,N/A,N/A,N/A,N/A,EMEAS,Inactive
581,Liberty,Brazil,2,3,0.4,N/A,N/A,Americas,Inactive
5810,Last Resistance,International,N/A,N/A,N/A,N/A,N/A,N/A,Inactive
5832,Zero MarksMen Black,United States,69,37,0.651,N/A,N/A,Americas,Inactive
5931,Team Big BAAM,Vietnam,33,32,0.508,N/A,N/A,Pacific,Active
5944,Night Wings Gaming,China,12,19,0.387,N/A,N/A,China,Active
6006,Newstar,Chile,4,2,0.667,N/A,N/A,Americas,Inactive
6008,ODDIK Bright,Brazil,3,10,0.231,44,31,Americas,Inactive
6035,Twisted Minds Esports,Saudi Arabia,N/A,N/A,N/A,N/A,N/A,EMEAS,Active
6052,Fear Eater Sierra,Indonesia,2,2,0.5,2,2,Pacific,Active
6093,Qing Jiu Club,China,4,6,0.4,N/A,N/A,China,Active
6127,Axolotl,Italy,18,17,0.514,N/A,N/A,EMEAS,Active
6132,İstanbul Wildcats,Turkey,6,8,0.429,N/A,N/A,EMEAS,Active
6149,Case Esports,Europe,46,19,0.708,N/A,N/A,EMEAS,Inactive
6159,Onyx Ravens,Saudi Arabia,N/A,N/A,N/A,N/A,N/A,N/A,Active
6170,The Silk Road,Canada,223,137,0.619,N/A,N/A,Americas,Inactive
6191,NOM Esports,Israel,N/A,N/A,N/A,N/A,N/A,EMEAS,Active
6193,Geekay Esports,Saudi Arabia,42,25,0.627,N/A,N/A,EMEAS,Active
6195,Team Galaga,Spain,2,3,0.4,N/A,N/A,EMEAS,Active
6199,Team Secret,Philippines,67,40,0.626,N/A,N/A,Pacific,Active
6200,Complexity GX3,United States,0,2,0.0,35,23,Americas,Inactive
6210,FUT Female,Turkey,20,14,0.588,20,14,GameChangers,Inactive
622,Thailand Attitude,Thailand,35,28,0.556,N/A,N/A,Pacific,Inactive
623,Sharper Esport,Thailand,90,75,0.545,N/A,N/A,Pacific,Active
6235,Incognito,Poland,N/A,N/A,N/A,N/A,N/A,EMEAS,Active
624,Paper Rex,Singapore,4,5,0.444,N/A,N/A,Pacific,Active
6263,Guild GC,France,89,25,0.781,89,25,GameChangers,Inactive
6313,KPI Gaming,Europe,5,12,0.294,N/A,N/A,EMEAS,Active
6314,XSET,United States,14,10,0.583,14,10,Americas,Inactive
6316,Anorthosis Famagusta Esports,Greece,52,47,0.525,N/A,N/A,EMEAS,Inactive
6349,İstanbul Wildcats Female,Turkey,N/A,N/A,N/A,2,10,GameChangers,Active
6368,BBL Queens,Turkey,8,6,0.571,8,6,GameChangers,Active
6387,BLEED,Singapore,22,12,0.647,N/A,N/A,Pacific,Active
6392,Eternal Fire,Turkey,14,10,0.583,N/A,N/A,EMEAS,Active
6397,Five Ace Esports,Taiwan,6,10,0.375,N/A,N/A,Pacific,Active
6400,Human Tripwires,United Kingdom,22,18,0.55,N/A,N/A,EMEAS,Inactive
6422,Resonate,United States,9,7,0.562,N/A,N/A,Americas,Inactive
6456,FlyQuest RED,United States,1,9,0.1,101,43,Americas,Active
6530,G2 Gozen,Europe,1,6,0.143,88,16,EMEAS,Active
6537,HMBLE,Italy,N/A,N/A,N/A,N/A,N/A,EMEAS,Inactive
6538,DSYRE,Europe,N/A,N/A,N/A,N/A,N/A,EMEAS,Active
6541,Skull Cracker Quartz,Venezuela,50,26,0.658,50,26,GameChangers,Inactive
6556,Six Karma Feminil,International,6,2,0.75,6,2,GameChangers,Inactive
6665,Team NKT,Thailand,58,48,0.547,N/A,N/A,Pacific,Active
6675,The Guard,United States,84,39,0.683,N/A,N/A,Americas,Inactive
6727,Misfits Black,United States,11,28,0.282,80,45,Americas,Inactive
6750,Rebels Gaming,Spain,88,54,0.62,N/A,N/A,EMEAS,Inactive
6751,Parla Esports,Turkey,3,3,0.5,N/A,N/A,EMEAS,Inactive
6777,AIMPUNCH.,United States,12,13,0.48,12,13,Americas,Inactive
6793,Jadeite,Japan,20,11,0.645,N/A,N/A,Pacific,Inactive
6798,REIGNITE,Japan,12,10,0.545,N/A,N/A,Pacific,Active
6826,Undead Gaming Fem,Argentina,N/A,N/A,N/A,14,9,GameChangers,Inactive
685,HSDIRR,Sweden,101,51,0.664,N/A,N/A,EMEAS,Inactive
6869,IGZIST,Japan,52,40,0.565,N/A,N/A,Pacific,Active
6882,FOKUS,Germany,19,10,0.655,N/A,N/A,EMEAS,Active
6946,TBK Esports,Brazil,9,3,0.75,N/A,N/A,Americas,Active
6961,LOUD,Brazil,59,22,0.728,N/A,N/A,Americas,Active
6985,QoR,United States,2,7,0.222,N/A,N/A,Americas,Active
7030,Tyrant Esports,Philippines,N/A,N/A,N/A,N/A,N/A,Pacific,Active
7031,NAOS,Philippines,31,25,0.554,N/A,N/A,Pacific,Active
7035,KOI,Europe,75,43,0.636,N/A,N/A,EMEAS,Active
7038,Unicorns of Love,Germany,54,28,0.659,N/A,N/A,EMEAS,Inactive
7039,Stream Raiders Nacague,Philippines,13,6,0.684,N/A,N/A,Pacific,Active
7055,Team Liquid Brazil,Brazil,51,3,0.944,51,3,Americas,Active
7105,EX0TIK GAMING,Europe,7,12,0.368,N/A,N/A,EMEAS,Active
7211,Rapid Ninjas,Hungary,62,35,0.639,N/A,N/A,EMEAS,Inactive
724,E-Xolos LAZER,Colombia,45,19,0.703,N/A,N/A,Americas,Active
7243,B8 Esports,Europe,7,5,0.583,N/A,N/A,EMEAS,Active
7269,FUSION,Colombia,2,1,0.667,N/A,N/A,Americas,Active
731,TYLOO,China,7,1,0.875,N/A,N/A,China,Active
7312,HONEY BADGERS,Australia,N/A,N/A,N/A,N/A,N/A,Pacific,Inactive
7313,Bonkers,Australia,8,6,0.571,N/A,N/A,Pacific,Inactive
7386,MIBR,Brazil,17,9,0.654,N/A,N/A,Americas,Active
7397,XERXIA Esports,Thailand,81,29,0.736,N/A,N/A,Pacific,Active
7403,who cars?,Denmark,45,45,0.5,N/A,N/A,EMEAS,Active
7412,Akave Esports GC,International,9,17,0.346,9,17,GameChangers,Active
7413,FiRePOWER,Argentina,0,3,0.0,28,4,Americas,Active
7511,KRÜ BLAZE,Chile,1,3,0.25,53,5,GameChangers,Active
756,ehehxd,Portugal,96,59,0.619,N/A,N/A,EMEAS,Active
7695,EBRO Gaming,Argentina,4,5,0.444,N/A,N/A,Americas,Inactive
7711,Berzerkers,United States,2,4,0.333,N/A,N/A,Americas,Inactive
7738,GeeKay Esports Cherry,Egypt,12,11,0.522,12,11,GameChangers,Inactive
7744,UNtapped,Europe,2,0,1.0,67,22,EMEAS,Inactive
7757,Alliance Coven,Europe,0,1,0.0,61,26,EMEAS,Inactive
793,Moon Raccoons,United States,24,14,0.632,N/A,N/A,Americas,Inactive
7932,OnlyFins,Finland,86,45,0.656,N/A,N/A,N/A,Active
7967,Mandatory,France,66,36,0.647,N/A,N/A,N/A,Active
7969,Team Falcons,Saudi Arabia,1,0,1.0,N/A,N/A,N/A,Inactive
799,Velocity Gaming,Philippines,167,45,0.788,N/A,N/A,Pacific,Active
8030,MLT Esports,Bangladesh,N/A,N/A,N/A,N/A,N/A,Pacific,Inactive
804,Royal Never Give Up,China,13,5,0.722,N/A,N/A,China,Inactive
8044,MOUZ,Europe,18,9,0.667,N/A,N/A,EMEAS,Active
8049,Diamant Esports,Europe,71,45,0.612,N/A,N/A,EMEAS,Active
8050,MIBR GC,Brazil,N/A,N/A,N/A,11,9,Americas,Active
8067,beGenius,France,5,2,0.714,N/A,N/A,EMEAS,Inactive
8076,Flying High,South Korea,N/A,N/A,N/A,N/A,N/A,Pacific,Inactive
8084,Lone Way E-SPORTS,South Korea,4,4,0.5,N/A,N/A,Pacific,Inactive
8086,Maru Gaming,South Korea,16,15,0.516,N/A,N/A,Pacific,Active
8099,CNJ Esports,South Korea,5,2,0.714,N/A,N/A,Pacific,Active
8106,Gelida Esports,Thailand,5,3,0.625,N/A,N/A,Pacific,Inactive
8128,WYLDE,Netherlands,1,2,0.333,N/A,N/A,EMEAS,Active
8147,Focus e-Sports,Japan,N/A,N/A,N/A,N/A,N/A,Pacific,Inactive
8151,SYSTEM e-Sports,Japan,N/A,N/A,N/A,N/A,N/A,Pacific,Inactive
8155,GyoGun,Japan,N/A,N/A,N/A,N/A,N/A,Pacific,Inactive
8172,Honvéd Esport,Hungary,N/A,N/A,N/A,N/A,N/A,EMEAS,Active
8182,Incheon On Sla2ers,South Korea,30,22,0.577,N/A,N/A,Pacific,Active
8185,DRX,South Korea,145,37,0.797,N/A,N/A,Pacific,Active
8196,Phenix Claire,Indonesia,0,1,0.0,N/A,N/A,Pacific,Active
8233,Serendipity,United States,0,3,0.0,0,3,Americas,Active
8240,Team SMG GC,Singapore,2,1,0.667,22,9,GameChangers,Inactive
8258,ZETA Gaming,Spain,0,3,0.0,N/A,N/A,EMEAS,Active
8264,Nearest Airport,United States,38,10,0.792,N/A,N/A,Americas,Inactive
8303,S2 Esports,Taiwan,1,2,0.333,N/A,N/A,Pacific,Inactive
8304,Talon Esports,Thailand,4,2,0.667,N/A,N/A,Pacific,Active
8310,FUSION X,International,9,8,0.529,9,8,GameChangers,Active
8322,Optix Fem,Chile,4,4,0.5,4,4,GameChangers,Inactive
8369,Revenant Esports,India,64,64,0.5,N/A,N/A,Pacific,Active
8374,Sanguine Rebels Dragons,Philippines,N/A,N/A,N/A,N/A,N/A,Pacific,Inactive
8375,ZOL Esports,Philippines,3,6,0.333,N/A,N/A,Pacific,Active
8380,DIVIZON,Germany,15,30,0.333,N/A,N/A,EMEAS,Active
8422,Hike Digital Esports,Indonesia,25,21,0.543,N/A,N/A,Pacific,Inactive
8433,Orangutan X,India,2,2,0.5,22,12,GameChangers,Inactive
8448,BOBO,Australia,56,21,0.727,N/A,N/A,Pacific,Active
8470,VICTORY,Vietnam,5,11,0.312,N/A,N/A,Pacific,Inactive
8476,Ugly Hamsters,International,1,7,0.125,N/A,N/A,Americas,Inactive
8484,Medal Esports,India,63,48,0.568,N/A,N/A,Pacific,Active
8569,Skwirel Warriers,United States,39,20,0.661,N/A,N/A,Americas,Inactive
8573,Case Hydra,Spain,34,21,0.618,34,21,EMEAS,Active
8587,The Mad Men,Vietnam,N/A,N/A,N/A,N/A,N/A,Pacific,Active
8658,Incognito GC,Poland,N/A,N/A,N/A,3,4,GameChangers,Active
8674,Rebels Velvet,Europe,0,1,0.0,32,21,EMEAS,Active
8691,Team Cruelty,Colombia,5,4,0.556,N/A,N/A,Americas,Inactive
8741,Blitz Esports,Malaysia,N/A,N/A,N/A,N/A,N/A,Pacific,Active
876,Enterprise Esports,Czech Republic,21,20,0.512,N/A,N/A,EMEAS,Inactive
878,Rex Regum Qeon,Indonesia,17,16,0.515,N/A,N/A,Pacific,Active
879,Todak,Malaysia,75,71,0.514,N/A,N/A,Pacific,Active
8826,ALTERNATE aTTaX,Germany,17,17,0.5,N/A,N/A,EMEAS,Active
8829,Comet Esports Club,International,N/A,N/A,N/A,N/A,N/A,N/A,Inactive
8836,Area of Effect,United States,N/A,N/A,N/A,N/A,N/A,Americas,Active
8840,Bravado Gaming,Egypt,8,11,0.421,N/A,N/A,EMEAS,Inactive
8859,STYLE,Japan,N/A,N/A,N/A,N/A,N/A,Pacific,Inactive
8860,ENTER FORCE.36,Japan,N/A,N/A,N/A,N/A,N/A,Pacific,Inactive
8866,Good 8 Squad,Japan,8,6,0.571,N/A,N/A,Pacific,Inactive
8870,HIT GAMING CLAN,Japan,N/A,N/A,N/A,N/A,N/A,Pacific,Active
8877,Karmine Corp,Europe,15,11,0.577,N/A,N/A,EMEAS,Active
8897,Tartarus,South Korea,5,6,0.455,N/A,N/A,Pacific,Inactive
8904,Orangutan,India,13,7,0.65,N/A,N/A,Pacific,Active
8914,Ambitious Gaming,South Korea,N/A,N/A,N/A,N/A,N/A,Pacific,Inactive
8924,Ramboot Club,Europe,7,21,0.25,N/A,N/A,EMEAS,Active
8925,ARF TEAM,Indonesia,46,37,0.554,N/A,N/A,Pacific,Active
8928,Ghetto Artist,Taiwan,11,4,0.733,N/A,N/A,Pacific,Inactive
8929,Hungkuang Falcon,Taiwan,N/A,N/A,N/A,N/A,N/A,Pacific,Active
8946,Zero Tenacity,Poland,99,80,0.553,N/A,N/A,EMEAS,Active
8996,ESC Gaming,Europe,5,4,0.556,N/A,N/A,EMEAS,Active
9011,Impulse GW,Portugal,15,31,0.326,N/A,N/A,EMEAS,Active
9021,BHOP Esports,International,1,4,0.2,N/A,N/A,Americas,Active
9042,TeamOrangeGaming,Germany,2,7,0.222,N/A,N/A,EMEAS,Active
9052,Monarch Effect,China,35,38,0.479,N/A,N/A,China,Inactive
9077,S2G Esports,Turkey,5,4,0.556,N/A,N/A,EMEAS,Active
9078,Cruzados Esports Fem,Chile,4,5,0.444,4,5,GameChangers,Inactive
9085,The Ganaccis,United States,195,82,0.704,N/A,N/A,Americas,Inactive
9163,Cleiteam,Brazil,3,11,0.214,34,30,Americas,Inactive
9174,Team Fish Taco,United States,N/A,N/A,N/A,N/A,N/A,Americas,Inactive
918,Global Esports,India,119,48,0.713,N/A,N/A,Pacific,Active
9203,Awake Gaming Female,International,0,6,0.0,0,6,GameChangers,Inactive
9205,LEVIATÁN GC,Chile,1,2,0.333,1,2,GameChangers,Active
9278,Team Major Academy,United States,6,14,0.3,N/A,N/A,Americas,Inactive
9284,Acend Rising,Europe,2,0,1.0,67,22,EMEAS,Inactive
9285,9z Team GC,Argentina,1,0,1.0,9,8,GameChangers,Active
9314,Team Falcons Vega,Saudi Arabia,71,26,0.732,71,26,GameChangers,Active
9315,ZETA DIVISION GC,Japan,3,2,0.6,26,4,Pacific,Active
9330,Ariana Grande Perfume,United States,N/A,N/A,N/A,36,15,Americas,Inactive
9347,Kitten Shelter,United States,61,32,0.656,N/A,N/A,Americas,Inactive
9348,Mad Science,United States,71,55,0.563,N/A,N/A,Americas,Inactive
9353,Shopify Rebellion,United States,98,63,0.609,N/A,N/A,Americas,Inactive
9397,Donoobs,United States,7,8,0.467,N/A,N/A,Americas,Inactive
9408,Natus Vincere Celestials,Turkey,38,22,0.633,38,22,EMEAS,Inactive
9427,OXEN,Argentina,N/A,N/A,N/A,N/A,N/A,Americas,Active
9430,Anaadi Army,India,5,8,0.385,N/A,N/A,Pacific,Inactive
9436,eMasters,United Kingdom,10,9,0.526,N/A,N/A,EMEAS,Inactive
9437,DRAGONS,Saudi Arabia,0,5,0.0,N/A,N/A,EMEAS,Active
9438,VX300 Gaming,Italy,9,5,0.643,N/A,N/A,EMEAS,Active
9447,The Union,Brazil,72,26,0.735,N/A,N/A,Americas,Inactive
9477,City Boys,United States,169,49,0.775,N/A,N/A,Americas,Inactive
9499,Hitmen,International,N/A,N/A,N/A,N/A,N/A,Americas,Active
9504,Dark Ratio,United States,92,30,0.754,N/A,N/A,Americas,Inactive
9507,GameLab Alpha,Philippines,N/A,N/A,N/A,N/A,N/A,Pacific,Inactive
9508,FIVE Media Clan,Spain,5,2,0.714,N/A,N/A,EMEAS,Active
9511,MCT Esports,United States,26,23,0.531,N/A,N/A,Americas,Inactive
9516,FENNEL GC,Japan,1,1,0.5,25,14,Pacific,Active
9517,Sasanqua,Japan,N/A,N/A,N/A,3,4,Pacific,Active
9521,Focus e-Sports GC,Japan,2,1,0.667,2,1,Pacific,Active
9523,REIGNITE Lily,Japan,19,11,0.633,19,11,Pacific,Active
9524,SPICE Thieves,Japan,3,3,0.5,3,3,Pacific,Active
9526,Insomnia GC,Japan,2,1,0.667,2,1,Pacific,Active
9530,IGZIST Female,Japan,N/A,N/A,N/A,5,4,Pacific,Active
9535,SHIFT,United States,76,37,0.673,N/A,N/A,Americas,Inactive
9545,Unity Esports,Kuwait,17,19,0.472,N/A,N/A,EMEAS,Inactive
9547,Evil Geniuses GC,United States,0,21,0.0,98,37,Americas,Inactive
9554,Ignite Beyond,United States,6,9,0.4,N/A,N/A,Americas,Inactive
9559,Zerance,France,N/A,N/A,N/A,N/A,N/A,EMEAS,Active
9613,Blinn,United States,29,11,0.725,N/A,N/A,Americas,Active
9621,trashcan,Europe,N/A,N/A,N/A,N/A,N/A,EMEAS,Active
9658,NSIC,United States,157,49,0.762,N/A,N/A,Americas,Inactive
9679,WTP,United States,30,26,0.536,N/A,N/A,Americas,Active
9727,Koopa Troopas,Australia,31,43,0.419,N/A,N/A,Pacific,Active
9762,GTZ Esports,Portugal,44,10,0.815,N/A,N/A,EMEAS,Active
9775,Olympus Gaming,International,3,6,0.333,N/A,N/A,Americas,Inactive
9810,Black Dragons FEM,Brazil,3,11,0.214,34,30,Americas,Inactive
9814,FUZOS,Portugal,N/A,N/A,N/A,N/A,N/A,EMEAS,Active
9868,Alien Anonymo,Poland,7,4,0.636,7,4,GameChangers,Active
9929,Division 0,United States,N/A,N/A,N/A,N/A,N/A,Americas,Inactive
9966,VAMONOS,Europe,12,9,0.571,N/A,N/A,EMEAS,Active
9975,St. Clair Saints,Canada,19,12,0.613,N/A,N/A,Americas,Active
9994,BabyJ Esports,United States,1,6,0.143,N/A,N/A,Americas,Inactive
9998,Royalty Forgotten,United States,7,13,0.35,N/A,N/A,Americas,Inactive
